unit,Country,Time,E.M.Value
Tonne,Austria,2008,58258
Tonne,Austria,2009,59865
Tonne,Austria,2010,59764
Tonne,Austria,2011,59446
Tonne,Austria,2012,59829
Tonne,Austria,2013,60043
Tonne,Austria,2014,60921
Tonne,Austria,2015,61602
Tonne,Austria,2016,62519
Tonne,Austria,2017,63198
Tonne,Austria,2018,62257
Tonne,Austria,2019,61270
Tonne,Austria,2020,61132
Tonne,Austria,2021,61284
Tonne,Belgium,2008,68320
Tonne,Belgium,2009,68756
Tonne,Belgium,2010,68957
Tonne,Belgium,2011,67535
Tonne,Belgium,2012,67934
Tonne,Belgium,2013,66555
Tonne,Belgium,2014,65795
Tonne,Belgium,2015,65659
Tonne,Belgium,2016,65497
Tonne,Belgium,2017,63720
Tonne,Belgium,2018,63220
Tonne,Belgium,2019,62223
Tonne,Belgium,2020,62247
Tonne,Belgium,2021,61629
Tonne,Bulgaria,2008,33438
Tonne,Bulgaria,2009,33127
Tonne,Bulgaria,2010,31229
Tonne,Bulgaria,2011,31682
Tonne,Bulgaria,2012,32814
Tonne,Bulgaria,2013,34538
Tonne,Bulgaria,2014,35205
Tonne,Bulgaria,2015,35941
Tonne,Bulgaria,2016,37430
Tonne,Bulgaria,2017,38074
Tonne,Bulgaria,2018,38276
Tonne,Bulgaria,2019,38709
Tonne,Bulgaria,2020,37778
Tonne,Bulgaria,2021,38181
Tonne,Switzerland,2008,54207
Tonne,Switzerland,2009,52764
Tonne,Switzerland,2010,52643
Tonne,Switzerland,2011,51847
Tonne,Switzerland,2012,51402
Tonne,Switzerland,2013,50887
Tonne,Switzerland,2014,51426
Tonne,Switzerland,2015,50811
Tonne,Switzerland,2016,50668
Tonne,Switzerland,2017,50639
Tonne,Switzerland,2018,50172
Tonne,Switzerland,2019,49309
Tonne,Switzerland,2020,49165
Tonne,Switzerland,2021,49490
Tonne,Cyprus,2008,6214
Tonne,Cyprus,2009,6092
Tonne,Cyprus,2010,6000
Tonne,Cyprus,2011,5928
Tonne,Cyprus,2012,5585
Tonne,Cyprus,2013,5303
Tonne,Cyprus,2014,5531
Tonne,Cyprus,2015,4727
Tonne,Cyprus,2016,4939
Tonne,Cyprus,2017,4944
Tonne,Cyprus,2018,5123
Tonne,Cyprus,2019,5265
Tonne,Cyprus,2020,5535
Tonne,Cyprus,2021,5671
Tonne,Czechia,2008,68329
Tonne,Czechia,2009,63797
Tonne,Czechia,2010,61963
Tonne,Czechia,2011,61922
Tonne,Czechia,2012,61863
Tonne,Czechia,2013,64494
Tonne,Czechia,2014,66671
Tonne,Czechia,2015,73537
Tonne,Czechia,2016,74066
Tonne,Czechia,2017,72271
Tonne,Czechia,2018,68690
Tonne,Czechia,2019,64692
Tonne,Czechia,2020,62131
Tonne,Czechia,2021,61726
Tonne,Germany,2008,538445
Tonne,Germany,2009,535483
Tonne,Germany,2010,533005
Tonne,Germany,2011,529311
Tonne,Germany,2012,534706
Tonne,Germany,2013,534259
Tonne,Germany,2014,541836
Tonne,Germany,2015,540679
Tonne,Germany,2016,535401
Tonne,Germany,2017,519420
Tonne,Germany,2018,494818
Tonne,Germany,2019,475149
Tonne,Germany,2020,435922
Tonne,Germany,2021,423157
Tonne,Denmark,2008,75989
Tonne,Denmark,2009,72014
Tonne,Denmark,2010,73216
Tonne,Denmark,2011,70141
Tonne,Denmark,2012,68799
Tonne,Denmark,2013,66474
Tonne,Denmark,2014,66688
Tonne,Denmark,2015,67925
Tonne,Denmark,2016,68348
Tonne,Denmark,2017,70395
Tonne,Denmark,2018,69469
Tonne,Denmark,2019,65034
Tonne,Denmark,2020,67909
Tonne,Denmark,2021,59804
Tonne,Estonia,2008,9602
Tonne,Estonia,2009,9076
Tonne,Estonia,2010,9731
Tonne,Estonia,2011,9738
Tonne,Estonia,2012,9813
Tonne,Estonia,2013,9865
Tonne,Estonia,2014,10085
Tonne,Estonia,2015,10061
Tonne,Estonia,2016,9525
Tonne,Estonia,2017,9452
Tonne,Estonia,2018,9148
Tonne,Estonia,2019,9056
Tonne,Estonia,2020,8898
Tonne,Estonia,2021,9032
Tonne,Greece,2008,64717
Tonne,Greece,2009,59920
Tonne,Greece,2010,65093
Tonne,Greece,2011,61908
Tonne,Greece,2012,61079
Tonne,Greece,2013,61891
Tonne,Greece,2014,58788
Tonne,Greece,2015,57475
Tonne,Greece,2016,57671
Tonne,Greece,2017,57100
Tonne,Greece,2018,56907
Tonne,Greece,2019,56860
Tonne,Greece,2020,57732
Tonne,Greece,2021,56608
Tonne,Spain,2008,433847
Tonne,Spain,2009,432400
Tonne,Spain,2010,433818
Tonne,Spain,2011,422584
Tonne,Spain,2012,420583
Tonne,Spain,2013,426961
Tonne,Spain,2014,446152
Tonne,Spain,2015,449969
Tonne,Spain,2016,451900
Tonne,Spain,2017,466878
Tonne,Spain,2018,463346
Tonne,Spain,2019,456844
Tonne,Spain,2020,470510
Tonne,Spain,2021,458219
Tonne,Finland,2008,33088
Tonne,Finland,2009,32396
Tonne,Finland,2010,33115
Tonne,Finland,2011,32709
Tonne,Finland,2012,32633
Tonne,Finland,2013,32555
Tonne,Finland,2014,33112
Tonne,Finland,2015,32011
Tonne,Finland,2016,30685
Tonne,Finland,2017,30085
Tonne,Finland,2018,29576
Tonne,Finland,2019,29107
Tonne,Finland,2020,27678
Tonne,Finland,2021,27118
Tonne,France,2008,586213
Tonne,France,2009,577667
Tonne,France,2010,563406
Tonne,France,2011,572720
Tonne,France,2012,565032
Tonne,France,2013,552858
Tonne,France,2014,562903
Tonne,France,2015,563049
Tonne,France,2016,561789
Tonne,France,2017,560776
Tonne,France,2018,558023
Tonne,France,2019,539922
Tonne,France,2020,521203
Tonne,France,2021,505691
Tonne,Croatia,2008,35939
Tonne,Croatia,2009,27647
Tonne,Croatia,2010,29094
Tonne,Croatia,2011,30633
Tonne,Croatia,2012,29083
Tonne,Croatia,2013,23542
Tonne,Croatia,2014,22855
Tonne,Croatia,2015,24701
Tonne,Croatia,2016,23223
Tonne,Croatia,2017,26129
Tonne,Croatia,2018,26556
Tonne,Croatia,2019,25858
Tonne,Croatia,2020,26069
Tonne,Croatia,2021,26113
Tonne,Hungary,2008,67461
Tonne,Hungary,2009,63029
Tonne,Hungary,2010,63333
Tonne,Hungary,2011,63146
Tonne,Hungary,2012,61836
Tonne,Hungary,2013,63469
Tonne,Hungary,2014,64815
Tonne,Hungary,2015,68256
Tonne,Hungary,2016,69076
Tonne,Hungary,2017,70057
Tonne,Hungary,2018,69804
Tonne,Hungary,2019,69487
Tonne,Hungary,2020,70225
Tonne,Hungary,2021,70181
Tonne,Ireland,2008,114195
Tonne,Ireland,2009,114583
Tonne,Ireland,2010,112772
Tonne,Ireland,2011,109128
Tonne,Ireland,2012,115511
Tonne,Ireland,2013,116586
Tonne,Ireland,2014,113109
Tonne,Ireland,2015,118459
Tonne,Ireland,2016,123854
Tonne,Ireland,2017,128323
Tonne,Ireland,2018,135147
Tonne,Ireland,2019,124906
Tonne,Ireland,2020,122784
Tonne,Ireland,2021,123643
Tonne,Iceland,2008,4480
Tonne,Iceland,2009,4450
Tonne,Iceland,2010,4367
Tonne,Iceland,2011,4398
Tonne,Iceland,2012,4277
Tonne,Iceland,2013,4165
Tonne,Iceland,2014,4494
Tonne,Iceland,2015,4505
Tonne,Iceland,2016,4542
Tonne,Iceland,2017,4536
Tonne,Iceland,2018,4420
Tonne,Iceland,2019,4356
Tonne,Iceland,2020,4293
Tonne,Iceland,2021,4270
Tonne,Italy,2008,369802
Tonne,Italy,2009,356265
Tonne,Italy,2010,345094
Tonne,Italy,2011,341459
Tonne,Italy,2012,356357
Tonne,Italy,2013,337494
Tonne,Italy,2014,325012
Tonne,Italy,2015,326686
Tonne,Italy,2016,338866
Tonne,Italy,2017,329585
Tonne,Italy,2018,321292
Tonne,Italy,2019,319926
Tonne,Italy,2020,331193
Tonne,Italy,2021,320828
Tonne,Liechtenstein,2008,97
Tonne,Liechtenstein,2009,98
Tonne,Liechtenstein,2010,97
Tonne,Liechtenstein,2011,100
Tonne,Liechtenstein,2012,101
Tonne,Liechtenstein,2013,97
Tonne,Liechtenstein,2014,98
Tonne,Liechtenstein,2015,99
Tonne,Liechtenstein,2016,97
Tonne,Liechtenstein,2017,96
Tonne,Liechtenstein,2018,98
Tonne,Liechtenstein,2019,100
Tonne,Liechtenstein,2020,100
Tonne,Liechtenstein,2021,99
Tonne,Lithuania,2008,35861
Tonne,Lithuania,2009,36999
Tonne,Lithuania,2010,36224
Tonne,Lithuania,2011,35534
Tonne,Lithuania,2012,35246
Tonne,Lithuania,2013,34991
Tonne,Lithuania,2014,37581
Tonne,Lithuania,2015,37995
Tonne,Lithuania,2016,37378
Tonne,Lithuania,2017,37335
Tonne,Lithuania,2018,36615
Tonne,Lithuania,2019,36942
Tonne,Lithuania,2020,37765
Tonne,Lithuania,2021,36294
Tonne,Luxembourg,2008,5643
Tonne,Luxembourg,2009,5584
Tonne,Luxembourg,2010,5701
Tonne,Luxembourg,2011,5570
Tonne,Luxembourg,2012,5401
Tonne,Luxembourg,2013,5451
Tonne,Luxembourg,2014,5574
Tonne,Luxembourg,2015,5603
Tonne,Luxembourg,2016,5699
Tonne,Luxembourg,2017,5818
Tonne,Luxembourg,2018,5807
Tonne,Luxembourg,2019,5714
Tonne,Luxembourg,2020,5689
Tonne,Luxembourg,2021,5644
Tonne,Latvia,2008,11995
Tonne,Latvia,2009,12221
Tonne,Latvia,2010,12410
Tonne,Latvia,2011,12370
Tonne,Latvia,2012,12971
Tonne,Latvia,2013,13409
Tonne,Latvia,2014,13686
Tonne,Latvia,2015,13684
Tonne,Latvia,2016,13789
Tonne,Latvia,2017,14029
Tonne,Latvia,2018,13590
Tonne,Latvia,2019,13752
Tonne,Latvia,2020,13667
Tonne,Latvia,2021,13305
Tonne,Malta,2008,1571
Tonne,Malta,2009,1512
Tonne,Malta,2010,1498
Tonne,Malta,2011,1274
Tonne,Malta,2012,1279
Tonne,Malta,2013,1313
Tonne,Malta,2014,1297
Tonne,Malta,2015,1266
Tonne,Malta,2016,1244
Tonne,Malta,2017,1187
Tonne,Malta,2018,1225
Tonne,Malta,2019,1226
Tonne,Malta,2020,1343
Tonne,Malta,2021,1292
Tonne,Netherlands,2008,122249
Tonne,Netherlands,2009,118621
Tonne,Netherlands,2010,116357
Tonne,Netherlands,2011,114688
Tonne,Netherlands,2012,109671
Tonne,Netherlands,2013,107221
Tonne,Netherlands,2014,111106
Tonne,Netherlands,2015,112807
Tonne,Netherlands,2016,113155
Tonne,Netherlands,2017,114652
Tonne,Netherlands,2018,112188
Tonne,Netherlands,2019,107105
Tonne,Netherlands,2020,106121
Tonne,Netherlands,2021,104661
Tonne,Norway,2008,28333
Tonne,Norway,2009,28663
Tonne,Norway,2010,28312
Tonne,Norway,2011,27947
Tonne,Norway,2012,28165
Tonne,Norway,2013,28597
Tonne,Norway,2014,28597
Tonne,Norway,2015,28742
Tonne,Norway,2016,28991
Tonne,Norway,2017,28826
Tonne,Norway,2018,28690
Tonne,Norway,2019,27870
Tonne,Norway,2020,27899
Tonne,Norway,2021,28411
Tonne,Poland,2008,306755
Tonne,Poland,2009,294584
Tonne,Poland,2010,285879
Tonne,Poland,2011,284952
Tonne,Poland,2012,275568
Tonne,Poland,2013,281689
Tonne,Poland,2014,277041
Tonne,Poland,2015,276953
Tonne,Poland,2016,278303
Tonne,Poland,2017,292146
Tonne,Poland,2018,302739
Tonne,Poland,2019,290334
Tonne,Poland,2020,299307
Tonne,Poland,2021,278245
Tonne,Portugal,2008,48607
Tonne,Portugal,2009,47818
Tonne,Portugal,2010,46738
Tonne,Portugal,2011,47200
Tonne,Portugal,2012,46110
Tonne,Portugal,2013,45086
Tonne,Portugal,2014,47142
Tonne,Portugal,2015,48141
Tonne,Portugal,2016,48910
Tonne,Portugal,2017,49553
Tonne,Portugal,2018,50171
Tonne,Portugal,2019,51310
Tonne,Portugal,2020,52271
Tonne,Portugal,2021,52106
Tonne,Romania,2008,167054
Tonne,Romania,2009,161246
Tonne,Romania,2010,144686
Tonne,Romania,2011,144951
Tonne,Romania,2012,139755
Tonne,Romania,2013,142274
Tonne,Romania,2014,143713
Tonne,Romania,2015,148957
Tonne,Romania,2016,145576
Tonne,Romania,2017,143934
Tonne,Romania,2018,142665
Tonne,Romania,2019,140684
Tonne,Romania,2020,138842
Tonne,Romania,2021,141355
Tonne,Sweden,2008,48105
Tonne,Sweden,2009,45528
Tonne,Sweden,2010,46273
Tonne,Sweden,2011,46244
Tonne,Sweden,2012,45253
Tonne,Sweden,2013,46433
Tonne,Sweden,2014,46415
Tonne,Sweden,2015,46474
Tonne,Sweden,2016,45282
Tonne,Sweden,2017,45503
Tonne,Sweden,2018,45343
Tonne,Sweden,2019,44759
Tonne,Sweden,2020,45159
Tonne,Sweden,2021,44207
Tonne,Slovenia,2008,17741
Tonne,Slovenia,2009,18244
Tonne,Slovenia,2010,17647
Tonne,Slovenia,2011,16949
Tonne,Slovenia,2012,16916
Tonne,Slovenia,2013,16691
Tonne,Slovenia,2014,16934
Tonne,Slovenia,2015,17252
Tonne,Slovenia,2016,17494
Tonne,Slovenia,2017,17213
Tonne,Slovenia,2018,17277
Tonne,Slovenia,2019,17161
Tonne,Slovenia,2020,17143
Tonne,Slovenia,2021,17105
Tonne,Slovakia,2008,24597
Tonne,Slovakia,2009,24304
Tonne,Slovakia,2010,24114
Tonne,Slovakia,2011,23837
Tonne,Slovakia,2012,24783
Tonne,Slovakia,2013,25123
Tonne,Slovakia,2014,26013
Tonne,Slovakia,2015,24963
Tonne,Slovakia,2016,25938
Tonne,Slovakia,2017,27634
Tonne,Slovakia,2018,28012
Tonne,Slovakia,2019,27358
Tonne,Slovakia,2020,23841
Tonne,Slovakia,2021,21885
Tonne,Türkiye,2008,510868
Tonne,Türkiye,2009,512071
Tonne,Türkiye,2010,530214
Tonne,Türkiye,2011,554600
Tonne,Türkiye,2012,620068
Tonne,Türkiye,2013,658614
Tonne,Türkiye,2014,675952
Tonne,Türkiye,2015,648101
Tonne,Türkiye,2016,688406
Tonne,Türkiye,2017,735350
Tonne,Türkiye,2018,757800
Tonne,Türkiye,2019,781935
Tonne,Türkiye,2020,831451
Tonne,Türkiye,2021,881344
