unit,Country,Time,Value
Kilograms per hectare,Austria,1990,19.2
Kilograms per hectare,Austria,1991,19.1
Kilograms per hectare,Austria,1992,18.4
Kilograms per hectare,Austria,1993,18.5
Kilograms per hectare,Austria,1994,18.4
Kilograms per hectare,Austria,1999,17.9
Kilograms per hectare,Austria,2000,17.5
Kilograms per hectare,Austria,2001,17.4
Kilograms per hectare,Austria,2002,17
Kilograms per hectare,Austria,2003,17
Kilograms per hectare,Austria,2004,16.9
Kilograms per hectare,Austria,2005,17.5
Kilograms per hectare,Austria,2006,17.7
Kilograms per hectare,Austria,2007,18.1
Kilograms per hectare,Austria,2008,18.4
Kilograms per hectare,Austria,2009,18.9
Kilograms per hectare,Austria,2010,18.9
Kilograms per hectare,Austria,2011,20.7
Kilograms per hectare,Austria,2012,20.9
Kilograms per hectare,Austria,2013,21
Kilograms per hectare,Austria,2014,22.4
Kilograms per hectare,Austria,2015,22.6
Kilograms per hectare,Austria,2016,23.3
Kilograms per hectare,Austria,2017,23.8
Kilograms per hectare,Austria,2018,23.5
Kilograms per hectare,Austria,2019,23.1
Kilograms per hectare,Austria,2020,23.1
Kilograms per hectare,Austria,2021,23.5
Kilograms per hectare,Belgium,1990,92.2
Kilograms per hectare,Belgium,1991,91.4
Kilograms per hectare,Belgium,1992,93.4
Kilograms per hectare,Belgium,1993,94.1
Kilograms per hectare,Belgium,1994,94.4
Kilograms per hectare,Belgium,1995,95.5
Kilograms per hectare,Belgium,1996,95.5
Kilograms per hectare,Belgium,1997,95.9
Kilograms per hectare,Belgium,1998,96.5
Kilograms per hectare,Belgium,1999,92.6
Kilograms per hectare,Belgium,2000,64.2
Kilograms per hectare,Belgium,2001,62.8
Kilograms per hectare,Belgium,2002,60.9
Kilograms per hectare,Belgium,2003,57.8
Kilograms per hectare,Belgium,2004,54.1
Kilograms per hectare,Belgium,2005,53.5
Kilograms per hectare,Belgium,2006,53.1
Kilograms per hectare,Belgium,2007,51.5
Kilograms per hectare,Belgium,2008,49.7
Kilograms per hectare,Belgium,2009,50.4
Kilograms per hectare,Belgium,2010,50.8
Kilograms per hectare,Belgium,2011,50.5
Kilograms per hectare,Belgium,2012,50.9
Kilograms per hectare,Belgium,2013,49.7
Kilograms per hectare,Belgium,2014,49.3
Kilograms per hectare,Belgium,2015,49.3
Kilograms per hectare,Belgium,2016,48.4
Kilograms per hectare,Belgium,2017,47.9
Kilograms per hectare,Belgium,2018,46.6
Kilograms per hectare,Belgium,2019,45.8
Kilograms per hectare,Belgium,2020,45.5
Kilograms per hectare,Belgium,2021,45
Kilograms per hectare,Bulgaria,1990,17.5
Kilograms per hectare,Bulgaria,1991,14.4
Kilograms per hectare,Bulgaria,1992,15.4
Kilograms per hectare,Bulgaria,1993,10.7
Kilograms per hectare,Bulgaria,1994,9.5
Kilograms per hectare,Bulgaria,1995,7.6
Kilograms per hectare,Bulgaria,1996,7.7
Kilograms per hectare,Bulgaria,1997,7.3
Kilograms per hectare,Bulgaria,1998,6.7
Kilograms per hectare,Bulgaria,1999,7.4
Kilograms per hectare,Bulgaria,2000,7.1
Kilograms per hectare,Bulgaria,2001,6.7
Kilograms per hectare,Bulgaria,2002,7
Kilograms per hectare,Bulgaria,2003,7.3
Kilograms per hectare,Bulgaria,2004,7.5
Kilograms per hectare,Bulgaria,2006,6.7
Kilograms per hectare,Bulgaria,2007,6.7
Kilograms per hectare,Bulgaria,2008,6.6
Kilograms per hectare,Bulgaria,2009,6.6
Kilograms per hectare,Bulgaria,2010,6.2
Kilograms per hectare,Bulgaria,2011,6.2
Kilograms per hectare,Bulgaria,2012,6.4
Kilograms per hectare,Bulgaria,2013,6.9
Kilograms per hectare,Bulgaria,2014,7.1
Kilograms per hectare,Bulgaria,2015,7.2
Kilograms per hectare,Bulgaria,2016,7.5
Kilograms per hectare,Bulgaria,2017,7.6
Kilograms per hectare,Bulgaria,2018,7.6
Kilograms per hectare,Bulgaria,2019,7.7
Kilograms per hectare,Bulgaria,2020,7.5
Kilograms per hectare,Bulgaria,2021,7.6
Kilograms per hectare,Switzerland,2005,34.3
Kilograms per hectare,Switzerland,2006,34.7
Kilograms per hectare,Switzerland,2007,35.2
Kilograms per hectare,Switzerland,2008,35.1
Kilograms per hectare,Switzerland,2009,34.3
Kilograms per hectare,Switzerland,2010,34.2
Kilograms per hectare,Switzerland,2011,33.8
Kilograms per hectare,Switzerland,2012,33.6
Kilograms per hectare,Switzerland,2013,33.3
Kilograms per hectare,Switzerland,2014,33.7
Kilograms per hectare,Switzerland,2015,33.4
Kilograms per hectare,Switzerland,2016,33.5
Kilograms per hectare,Switzerland,2017,33.5
Kilograms per hectare,Switzerland,2018,33.3
Kilograms per hectare,Switzerland,2019,32.7
Kilograms per hectare,Switzerland,2020,32.6
Kilograms per hectare,Switzerland,2021,32.9
Kilograms per hectare,Cyprus,1990,38.6
Kilograms per hectare,Cyprus,1991,39
Kilograms per hectare,Cyprus,1992,42.3
Kilograms per hectare,Cyprus,1993,44.3
Kilograms per hectare,Cyprus,1994,47.6
Kilograms per hectare,Cyprus,1995,48.1
Kilograms per hectare,Cyprus,1996,49.5
Kilograms per hectare,Cyprus,1997,49.6
Kilograms per hectare,Cyprus,1998,49.3
Kilograms per hectare,Cyprus,2000,43.8
Kilograms per hectare,Cyprus,2001,46.9
Kilograms per hectare,Cyprus,2002,52.5
Kilograms per hectare,Cyprus,2003,44.6
Kilograms per hectare,Cyprus,2004,43.8
Kilograms per hectare,Cyprus,2005,37.8
Kilograms per hectare,Cyprus,2006,41.5
Kilograms per hectare,Cyprus,2007,43
Kilograms per hectare,Cyprus,2008,49.1
Kilograms per hectare,Cyprus,2009,48.9
Kilograms per hectare,Cyprus,2010,52.3
Kilograms per hectare,Cyprus,2011,51.2
Kilograms per hectare,Cyprus,2012,48.2
Kilograms per hectare,Cyprus,2013,49.5
Kilograms per hectare,Cyprus,2014,51.7
Kilograms per hectare,Cyprus,2015,37.4
Kilograms per hectare,Cyprus,2016,44
Kilograms per hectare,Cyprus,2017,40.6
Kilograms per hectare,Cyprus,2018,38.7
Kilograms per hectare,Cyprus,2019,42
Kilograms per hectare,Cyprus,2020,43.3
Kilograms per hectare,Cyprus,2021,46.6
Kilograms per hectare,Czechia,1990,29.3
Kilograms per hectare,Czechia,1991,27.1
Kilograms per hectare,Czechia,1992,24.1
Kilograms per hectare,Czechia,1993,21.4
Kilograms per hectare,Czechia,1994,19.4
Kilograms per hectare,Czechia,1995,19.1
Kilograms per hectare,Czechia,1996,19.9
Kilograms per hectare,Czechia,1997,19.5
Kilograms per hectare,Czechia,1998,18.8
Kilograms per hectare,Czechia,1999,18.5
Kilograms per hectare,Czechia,2000,18
Kilograms per hectare,Czechia,2001,18
Kilograms per hectare,Czechia,2002,21.1
Kilograms per hectare,Czechia,2003,20.3
Kilograms per hectare,Czechia,2004,19.7
Kilograms per hectare,Czechia,2005,19.7
Kilograms per hectare,Czechia,2006,19.6
Kilograms per hectare,Czechia,2007,19.4
Kilograms per hectare,Czechia,2008,19.1
Kilograms per hectare,Czechia,2009,18
Kilograms per hectare,Czechia,2010,17.6
Kilograms per hectare,Czechia,2011,17.7
Kilograms per hectare,Czechia,2012,17.5
Kilograms per hectare,Czechia,2013,18.3
Kilograms per hectare,Czechia,2014,19
Kilograms per hectare,Czechia,2015,21
Kilograms per hectare,Czechia,2016,21.2
Kilograms per hectare,Czechia,2017,20.5
Kilograms per hectare,Czechia,2018,19.5
Kilograms per hectare,Czechia,2019,18.4
Kilograms per hectare,Czechia,2020,17.6
Kilograms per hectare,Czechia,2021,17.5
Kilograms per hectare,Germany,1990,38.2
Kilograms per hectare,Germany,1991,35.3
Kilograms per hectare,Germany,1992,35.4
Kilograms per hectare,Germany,1993,34.3
Kilograms per hectare,Germany,1994,32.7
Kilograms per hectare,Germany,1995,32.5
Kilograms per hectare,Germany,1996,32.2
Kilograms per hectare,Germany,1997,31.8
Kilograms per hectare,Germany,1998,32.1
Kilograms per hectare,Germany,1999,33
Kilograms per hectare,Germany,2000,33
Kilograms per hectare,Germany,2001,33.4
Kilograms per hectare,Germany,2002,32.8
Kilograms per hectare,Germany,2003,32.6
Kilograms per hectare,Germany,2004,31.7
Kilograms per hectare,Germany,2005,31.8
Kilograms per hectare,Germany,2006,31.4
Kilograms per hectare,Germany,2007,31.7
Kilograms per hectare,Germany,2008,31.8
Kilograms per hectare,Germany,2009,31.7
Kilograms per hectare,Germany,2010,31.9
Kilograms per hectare,Germany,2011,31.7
Kilograms per hectare,Germany,2012,32.1
Kilograms per hectare,Germany,2013,32
Kilograms per hectare,Germany,2014,32.4
Kilograms per hectare,Germany,2015,32.3
Kilograms per hectare,Germany,2016,32.1
Kilograms per hectare,Germany,2017,31.1
Kilograms per hectare,Germany,2018,29.7
Kilograms per hectare,Germany,2019,28.5
Kilograms per hectare,Germany,2020,26.3
Kilograms per hectare,Germany,2021,25.5
Kilograms per hectare,Denmark,1990,43.8
Kilograms per hectare,Denmark,1991,42.5
Kilograms per hectare,Denmark,1992,41.8
Kilograms per hectare,Denmark,1993,41.2
Kilograms per hectare,Denmark,1994,39.4
Kilograms per hectare,Denmark,1995,37.1
Kilograms per hectare,Denmark,1996,32.4
Kilograms per hectare,Denmark,1997,32.6
Kilograms per hectare,Denmark,1998,32.7
Kilograms per hectare,Denmark,1999,31.2
Kilograms per hectare,Denmark,2000,34
Kilograms per hectare,Denmark,2001,32.6
Kilograms per hectare,Denmark,2002,32.1
Kilograms per hectare,Denmark,2003,32
Kilograms per hectare,Denmark,2004,31.6
Kilograms per hectare,Denmark,2005,30
Kilograms per hectare,Denmark,2006,28.7
Kilograms per hectare,Denmark,2007,28.5
Kilograms per hectare,Denmark,2008,28.3
Kilograms per hectare,Denmark,2009,27.3
Kilograms per hectare,Denmark,2010,27.4
Kilograms per hectare,Denmark,2011,26.2
Kilograms per hectare,Denmark,2012,25.8
Kilograms per hectare,Denmark,2013,25.3
Kilograms per hectare,Denmark,2014,25.1
Kilograms per hectare,Denmark,2015,25.8
Kilograms per hectare,Denmark,2016,26
Kilograms per hectare,Denmark,2017,26.8
Kilograms per hectare,Denmark,2018,26.4
Kilograms per hectare,Denmark,2019,24.8
Kilograms per hectare,Denmark,2020,25.9
Kilograms per hectare,Denmark,2021,22.8
Kilograms per hectare,Estonia,1990,14.5
Kilograms per hectare,Estonia,1991,13
Kilograms per hectare,Estonia,1992,11.3
Kilograms per hectare,Estonia,1993,8.6
Kilograms per hectare,Estonia,1994,9.6
Kilograms per hectare,Estonia,1995,9.2
Kilograms per hectare,Estonia,1996,7.7
Kilograms per hectare,Estonia,1997,7.9
Kilograms per hectare,Estonia,1998,11
Kilograms per hectare,Estonia,1999,7.2
Kilograms per hectare,Estonia,2000,7.7
Kilograms per hectare,Estonia,2001,8.9
Kilograms per hectare,Estonia,2002,10.9
Kilograms per hectare,Estonia,2003,9.9
Kilograms per hectare,Estonia,2004,10.7
Kilograms per hectare,Estonia,2005,10.2
Kilograms per hectare,Estonia,2006,10.8
Kilograms per hectare,Estonia,2007,10.1
Kilograms per hectare,Estonia,2008,10.6
Kilograms per hectare,Estonia,2009,9.7
Kilograms per hectare,Estonia,2010,10.3
Kilograms per hectare,Estonia,2011,10.3
Kilograms per hectare,Estonia,2012,10.3
Kilograms per hectare,Estonia,2013,10.2
Kilograms per hectare,Estonia,2014,10.3
Kilograms per hectare,Estonia,2015,10.1
Kilograms per hectare,Estonia,2016,9.5
Kilograms per hectare,Estonia,2017,9.6
Kilograms per hectare,Estonia,2018,9.3
Kilograms per hectare,Estonia,2019,9.2
Kilograms per hectare,Estonia,2020,9
Kilograms per hectare,Estonia,2021,9.2
Kilograms per hectare,Greece,1990,16.4
Kilograms per hectare,Greece,1991,16.3
Kilograms per hectare,Greece,1992,15.7
Kilograms per hectare,Greece,1993,14.7
Kilograms per hectare,Greece,1994,14
Kilograms per hectare,Greece,1995,14.7
Kilograms per hectare,Greece,1996,14.8
Kilograms per hectare,Greece,1998,22
Kilograms per hectare,Greece,1999,18.6
Kilograms per hectare,Greece,2000,18.6
Kilograms per hectare,Greece,2001,16.9
Kilograms per hectare,Greece,2002,17.1
Kilograms per hectare,Greece,2003,17.1
Kilograms per hectare,Greece,2004,17.4
Kilograms per hectare,Greece,2005,16.7
Kilograms per hectare,Greece,2006,17.4
Kilograms per hectare,Greece,2007,17.1
Kilograms per hectare,Greece,2008,13.6
Kilograms per hectare,Greece,2009,10.9
Kilograms per hectare,Greece,2010,12
Kilograms per hectare,Greece,2011,11.2
Kilograms per hectare,Greece,2012,11.9
Kilograms per hectare,Greece,2013,11.9
Kilograms per hectare,Greece,2014,10.9
Kilograms per hectare,Greece,2015,10.9
Kilograms per hectare,Greece,2016,11
Kilograms per hectare,Greece,2017,11.1
Kilograms per hectare,Greece,2018,10.8
Kilograms per hectare,Greece,2019,11
Kilograms per hectare,Greece,2020,11
Kilograms per hectare,Greece,2021,10.9
Kilograms per hectare,Spain,1990,14.5
Kilograms per hectare,Spain,1991,14.8
Kilograms per hectare,Spain,1992,15.1
Kilograms per hectare,Spain,1993,14.5
Kilograms per hectare,Spain,1994,15.4
Kilograms per hectare,Spain,1995,15.3
Kilograms per hectare,Spain,1996,16.7
Kilograms per hectare,Spain,1997,16.7
Kilograms per hectare,Spain,1998,17.7
Kilograms per hectare,Spain,1999,19.6
Kilograms per hectare,Spain,2000,21.3
Kilograms per hectare,Spain,2001,21.8
Kilograms per hectare,Spain,2002,21.4
Kilograms per hectare,Spain,2003,21.7
Kilograms per hectare,Spain,2004,20
Kilograms per hectare,Spain,2005,18.7
Kilograms per hectare,Spain,2006,19.3
Kilograms per hectare,Spain,2007,19.4
Kilograms per hectare,Spain,2008,17.6
Kilograms per hectare,Spain,2009,17.9
Kilograms per hectare,Spain,2010,18.3
Kilograms per hectare,Spain,2011,17.7
Kilograms per hectare,Spain,2012,17.9
Kilograms per hectare,Spain,2013,18.2
Kilograms per hectare,Spain,2014,18.9
Kilograms per hectare,Spain,2015,18.8
Kilograms per hectare,Spain,2016,19
Kilograms per hectare,Spain,2017,19.6
Kilograms per hectare,Spain,2018,19.1
Kilograms per hectare,Spain,2019,18.7
Kilograms per hectare,Spain,2020,19.3
Kilograms per hectare,Spain,2021,18.8
Kilograms per hectare,European Union - 27 countries (from 2020),2000,21.4
Kilograms per hectare,European Union - 27 countries (from 2020),2001,21.3
Kilograms per hectare,European Union - 27 countries (from 2020),2002,21.2
Kilograms per hectare,European Union - 27 countries (from 2020),2003,21.1
Kilograms per hectare,European Union - 27 countries (from 2020),2004,20.7
Kilograms per hectare,European Union - 27 countries (from 2020),2007,20.8
Kilograms per hectare,European Union - 27 countries (from 2020),2008,20.3
Kilograms per hectare,European Union - 27 countries (from 2020),2010,19.8
Kilograms per hectare,European Union - 27 countries (from 2020),2011,19.8
Kilograms per hectare,European Union - 27 countries (from 2020),2012,19.9
Kilograms per hectare,European Union - 27 countries (from 2020),2013,19.7
Kilograms per hectare,European Union - 27 countries (from 2020),2014,19.9
Kilograms per hectare,European Union - 27 countries (from 2020),2015,20
Kilograms per hectare,European Union - 27 countries (from 2020),2016,20.1
Kilograms per hectare,European Union - 27 countries (from 2020),2017,20.2
Kilograms per hectare,European Union - 27 countries (from 2020),2018,19.9
Kilograms per hectare,European Union - 27 countries (from 2020),2019,19.3
Kilograms per hectare,European Union - 27 countries (from 2020),2020,19.2
Kilograms per hectare,European Union - 27 countries (from 2020),2021,18.8
Kilograms per hectare,Finland,1990,12.7
Kilograms per hectare,Finland,1991,12.1
Kilograms per hectare,Finland,1992,11.8
Kilograms per hectare,Finland,1993,13.2
Kilograms per hectare,Finland,1994,13.4
Kilograms per hectare,Finland,1995,14.2
Kilograms per hectare,Finland,1996,14.6
Kilograms per hectare,Finland,1997,14.9
Kilograms per hectare,Finland,1998,14.6
Kilograms per hectare,Finland,1999,14
Kilograms per hectare,Finland,2000,14.1
Kilograms per hectare,Finland,2001,14.2
Kilograms per hectare,Finland,2002,14.5
Kilograms per hectare,Finland,2003,14.9
Kilograms per hectare,Finland,2004,14.8
Kilograms per hectare,Finland,2005,14.7
Kilograms per hectare,Finland,2006,14.6
Kilograms per hectare,Finland,2007,14.8
Kilograms per hectare,Finland,2008,14.4
Kilograms per hectare,Finland,2009,14.1
Kilograms per hectare,Finland,2010,14.5
Kilograms per hectare,Finland,2011,14.3
Kilograms per hectare,Finland,2012,14.3
Kilograms per hectare,Finland,2013,14.4
Kilograms per hectare,Finland,2014,14.6
Kilograms per hectare,Finland,2015,14.1
Kilograms per hectare,Finland,2016,13.5
Kilograms per hectare,Finland,2017,13.2
Kilograms per hectare,Finland,2018,13
Kilograms per hectare,Finland,2019,12.8
Kilograms per hectare,Finland,2020,12.2
Kilograms per hectare,Finland,2021,12
Kilograms per hectare,France,1990,20.8
Kilograms per hectare,France,1991,20.7
Kilograms per hectare,France,1992,20.6
Kilograms per hectare,France,1993,20.4
Kilograms per hectare,France,1994,20.3
Kilograms per hectare,France,1995,20.4
Kilograms per hectare,France,1996,20.6
Kilograms per hectare,France,1997,20.5
Kilograms per hectare,France,1998,20.4
Kilograms per hectare,France,1999,20.5
Kilograms per hectare,France,2000,21
Kilograms per hectare,France,2001,20.8
Kilograms per hectare,France,2002,20.5
Kilograms per hectare,France,2003,19.8
Kilograms per hectare,France,2004,19.7
Kilograms per hectare,France,2005,19.7
Kilograms per hectare,France,2007,19.5
Kilograms per hectare,France,2008,19.9
Kilograms per hectare,France,2010,19.2
Kilograms per hectare,France,2011,19.8
Kilograms per hectare,France,2012,19.5
Kilograms per hectare,France,2013,19
Kilograms per hectare,France,2014,19.4
Kilograms per hectare,France,2015,19.4
Kilograms per hectare,France,2016,19.3
Kilograms per hectare,France,2017,19.3
Kilograms per hectare,France,2018,19.2
Kilograms per hectare,France,2019,18.6
Kilograms per hectare,France,2020,18.2
Kilograms per hectare,France,2021,17.6
Kilograms per hectare,Croatia,2000,26.8
Kilograms per hectare,Croatia,2001,29.4
Kilograms per hectare,Croatia,2002,28
Kilograms per hectare,Croatia,2003,27.1
Kilograms per hectare,Croatia,2004,28.5
Kilograms per hectare,Croatia,2005,26.3
Kilograms per hectare,Croatia,2006,26.6
Kilograms per hectare,Croatia,2007,27.3
Kilograms per hectare,Croatia,2008,27.9
Kilograms per hectare,Croatia,2009,21.3
Kilograms per hectare,Croatia,2010,21.8
Kilograms per hectare,Croatia,2011,23.1
Kilograms per hectare,Croatia,2012,21.9
Kilograms per hectare,Croatia,2013,18.1
Kilograms per hectare,Croatia,2014,18.4
Kilograms per hectare,Croatia,2015,16.1
Kilograms per hectare,Croatia,2016,14.8
Kilograms per hectare,Croatia,2017,17.5
Kilograms per hectare,Croatia,2018,17.9
Kilograms per hectare,Croatia,2019,17.2
Kilograms per hectare,Croatia,2020,17.3
Kilograms per hectare,Croatia,2021,17.7
Kilograms per hectare,Hungary,1990,19.7
Kilograms per hectare,Hungary,1991,16.3
Kilograms per hectare,Hungary,1992,14.5
Kilograms per hectare,Hungary,1993,12.9
Kilograms per hectare,Hungary,1994,12.2
Kilograms per hectare,Hungary,1995,12.1
Kilograms per hectare,Hungary,1996,12
Kilograms per hectare,Hungary,1997,11.8
Kilograms per hectare,Hungary,1998,12.4
Kilograms per hectare,Hungary,1999,12.6
Kilograms per hectare,Hungary,2000,13.7
Kilograms per hectare,Hungary,2001,13.6
Kilograms per hectare,Hungary,2002,12.9
Kilograms per hectare,Hungary,2003,13.9
Kilograms per hectare,Hungary,2004,13.5
Kilograms per hectare,Hungary,2005,12.6
Kilograms per hectare,Hungary,2006,12.7
Kilograms per hectare,Hungary,2007,12.7
Kilograms per hectare,Hungary,2008,11.7
Kilograms per hectare,Hungary,2009,10.9
Kilograms per hectare,Hungary,2010,11.9
Kilograms per hectare,Hungary,2011,11.8
Kilograms per hectare,Hungary,2012,11.6
Kilograms per hectare,Hungary,2013,11.9
Kilograms per hectare,Hungary,2014,12.1
Kilograms per hectare,Hungary,2015,12.8
Kilograms per hectare,Hungary,2016,12.9
Kilograms per hectare,Hungary,2017,13.1
Kilograms per hectare,Hungary,2018,13.1
Kilograms per hectare,Hungary,2019,13.1
Kilograms per hectare,Hungary,2020,14.1
Kilograms per hectare,Hungary,2021,13.9
Kilograms per hectare,Ireland,1990,24.3
Kilograms per hectare,Ireland,1991,25.2
Kilograms per hectare,Ireland,1992,26
Kilograms per hectare,Ireland,1993,25.9
Kilograms per hectare,Ireland,1994,26.2
Kilograms per hectare,Ireland,1995,26.4
Kilograms per hectare,Ireland,1996,27.6
Kilograms per hectare,Ireland,1997,27.7
Kilograms per hectare,Ireland,1998,28.7
Kilograms per hectare,Ireland,1999,28.2
Kilograms per hectare,Ireland,2000,26.7
Kilograms per hectare,Ireland,2001,26.8
Kilograms per hectare,Ireland,2002,27.1
Kilograms per hectare,Ireland,2003,27.2
Kilograms per hectare,Ireland,2004,27
Kilograms per hectare,Ireland,2005,27.2
Kilograms per hectare,Ireland,2006,27.9
Kilograms per hectare,Ireland,2007,26.2
Kilograms per hectare,Ireland,2008,24.7
Kilograms per hectare,Ireland,2009,24.9
Kilograms per hectare,Ireland,2010,24.7
Kilograms per hectare,Ireland,2011,24
Kilograms per hectare,Ireland,2012,25.5
Kilograms per hectare,Ireland,2013,26
Kilograms per hectare,Ireland,2014,25.3
Kilograms per hectare,Ireland,2015,26.7
Kilograms per hectare,Ireland,2016,27.8
Kilograms per hectare,Ireland,2017,28.6
Kilograms per hectare,Ireland,2018,29.9
Kilograms per hectare,Ireland,2019,27.6
Kilograms per hectare,Ireland,2020,27.2
Kilograms per hectare,Ireland,2021,28.5
Kilograms per hectare,Iceland,2011,2.8
Kilograms per hectare,Iceland,2012,2.7
Kilograms per hectare,Iceland,2013,2.6
Kilograms per hectare,Iceland,2014,2.8
Kilograms per hectare,Iceland,2015,2.8
Kilograms per hectare,Iceland,2017,2.9
Kilograms per hectare,Iceland,2018,2.8
Kilograms per hectare,Iceland,2019,2.8
Kilograms per hectare,Iceland,2020,2.8
Kilograms per hectare,Iceland,2021,2.8
Kilograms per hectare,Italy,1990,24.6
Kilograms per hectare,Italy,1991,25.8
Kilograms per hectare,Italy,1992,25.6
Kilograms per hectare,Italy,1993,26.9
Kilograms per hectare,Italy,1994,26.3
Kilograms per hectare,Italy,1995,26.3
Kilograms per hectare,Italy,1996,26.6
Kilograms per hectare,Italy,1997,27.1
Kilograms per hectare,Italy,1998,27.1
Kilograms per hectare,Italy,1999,27
Kilograms per hectare,Italy,2000,26.1
Kilograms per hectare,Italy,2001,26.3
Kilograms per hectare,Italy,2002,25.7
Kilograms per hectare,Italy,2003,26.1
Kilograms per hectare,Italy,2004,25.8
Kilograms per hectare,Italy,2005,25.4
Kilograms per hectare,Italy,2006,27.9
Kilograms per hectare,Italy,2007,26.2
Kilograms per hectare,Italy,2008,27.7
Kilograms per hectare,Italy,2010,26.8
Kilograms per hectare,Italy,2011,26.9
Kilograms per hectare,Italy,2012,28.4
Kilograms per hectare,Italy,2013,27.2
Kilograms per hectare,Italy,2014,25.6
Kilograms per hectare,Italy,2015,25.8
Kilograms per hectare,Italy,2016,26.4
Kilograms per hectare,Italy,2017,25.3
Kilograms per hectare,Italy,2018,24.9
Kilograms per hectare,Italy,2019,24.3
Kilograms per hectare,Italy,2020,25.2
Kilograms per hectare,Italy,2021,24.7
Kilograms per hectare,Lithuania,1990,23.7
Kilograms per hectare,Lithuania,1991,23.2
Kilograms per hectare,Lithuania,1992,17.2
Kilograms per hectare,Lithuania,1993,13.2
Kilograms per hectare,Lithuania,1994,11.7
Kilograms per hectare,Lithuania,1995,10.9
Kilograms per hectare,Lithuania,1996,11.2
Kilograms per hectare,Lithuania,1997,11.2
Kilograms per hectare,Lithuania,1998,10.9
Kilograms per hectare,Lithuania,1999,10.1
Kilograms per hectare,Lithuania,2000,13.4
Kilograms per hectare,Lithuania,2001,13.5
Kilograms per hectare,Lithuania,2002,14.4
Kilograms per hectare,Lithuania,2003,14
Kilograms per hectare,Lithuania,2004,13.9
Kilograms per hectare,Lithuania,2005,13.1
Kilograms per hectare,Lithuania,2006,13.3
Kilograms per hectare,Lithuania,2007,14.1
Kilograms per hectare,Lithuania,2008,13.4
Kilograms per hectare,Lithuania,2009,13.8
Kilograms per hectare,Lithuania,2010,13.1
Kilograms per hectare,Lithuania,2011,12.7
Kilograms per hectare,Lithuania,2012,12.4
Kilograms per hectare,Lithuania,2013,12.1
Kilograms per hectare,Lithuania,2014,12.7
Kilograms per hectare,Lithuania,2015,12.6
Kilograms per hectare,Lithuania,2016,12.7
Kilograms per hectare,Lithuania,2017,12.7
Kilograms per hectare,Lithuania,2018,12.4
Kilograms per hectare,Lithuania,2019,12.4
Kilograms per hectare,Lithuania,2020,12.8
Kilograms per hectare,Lithuania,2021,12.4
Kilograms per hectare,Luxembourg,1990,46.8
Kilograms per hectare,Luxembourg,1991,47.4
Kilograms per hectare,Luxembourg,1992,45.6
Kilograms per hectare,Luxembourg,1993,45.1
Kilograms per hectare,Luxembourg,1994,44.7
Kilograms per hectare,Luxembourg,1995,45.9
Kilograms per hectare,Luxembourg,1996,46.8
Kilograms per hectare,Luxembourg,1997,43.8
Kilograms per hectare,Luxembourg,1998,45.2
Kilograms per hectare,Luxembourg,1999,45.4
Kilograms per hectare,Luxembourg,2000,42.3
Kilograms per hectare,Luxembourg,2001,43.9
Kilograms per hectare,Luxembourg,2002,42.6
Kilograms per hectare,Luxembourg,2003,41.5
Kilograms per hectare,Luxembourg,2004,42.4
Kilograms per hectare,Luxembourg,2005,42
Kilograms per hectare,Luxembourg,2006,41.6
Kilograms per hectare,Luxembourg,2007,41.9
Kilograms per hectare,Luxembourg,2008,43.2
Kilograms per hectare,Luxembourg,2009,42.7
Kilograms per hectare,Luxembourg,2010,43.4
Kilograms per hectare,Luxembourg,2011,42.4
Kilograms per hectare,Luxembourg,2012,41.1
Kilograms per hectare,Luxembourg,2013,41.6
Kilograms per hectare,Luxembourg,2014,42.5
Kilograms per hectare,Luxembourg,2015,42.6
Kilograms per hectare,Luxembourg,2016,43.6
Kilograms per hectare,Luxembourg,2017,44.4
Kilograms per hectare,Luxembourg,2018,44.1
Kilograms per hectare,Luxembourg,2019,43.4
Kilograms per hectare,Luxembourg,2020,43.1
Kilograms per hectare,Luxembourg,2021,42.5
Kilograms per hectare,Latvia,1990,12.4
Kilograms per hectare,Latvia,1991,11.7
Kilograms per hectare,Latvia,1992,9.2
Kilograms per hectare,Latvia,1993,6.7
Kilograms per hectare,Latvia,1994,6.6
Kilograms per hectare,Latvia,1995,5.2
Kilograms per hectare,Latvia,1996,5
Kilograms per hectare,Latvia,1997,5
Kilograms per hectare,Latvia,1998,4.7
Kilograms per hectare,Latvia,1999,4.3
Kilograms per hectare,Latvia,2000,6.9
Kilograms per hectare,Latvia,2001,7.7
Kilograms per hectare,Latvia,2002,7.6
Kilograms per hectare,Latvia,2003,7.7
Kilograms per hectare,Latvia,2004,7.2
Kilograms per hectare,Latvia,2005,6.8
Kilograms per hectare,Latvia,2006,6.4
Kilograms per hectare,Latvia,2007,6.7
Kilograms per hectare,Latvia,2008,6.6
Kilograms per hectare,Latvia,2009,6.7
Kilograms per hectare,Latvia,2010,6.9
Kilograms per hectare,Latvia,2011,6.8
Kilograms per hectare,Latvia,2012,7
Kilograms per hectare,Latvia,2013,7.1
Kilograms per hectare,Latvia,2014,7.3
Kilograms per hectare,Latvia,2015,7.3
Kilograms per hectare,Latvia,2016,7.1
Kilograms per hectare,Latvia,2017,7.3
Kilograms per hectare,Latvia,2018,7
Kilograms per hectare,Latvia,2019,7
Kilograms per hectare,Latvia,2020,6.9
Kilograms per hectare,Latvia,2021,6.8
Kilograms per hectare,Malta,1991,203.6
Kilograms per hectare,Malta,1998,203.5
Kilograms per hectare,Malta,1999,206.2
Kilograms per hectare,Malta,2000,210.1
Kilograms per hectare,Malta,2001,206.5
Kilograms per hectare,Malta,2002,198.7
Kilograms per hectare,Malta,2003,172.9
Kilograms per hectare,Malta,2004,178
Kilograms per hectare,Malta,2005,160.7
Kilograms per hectare,Malta,2006,164.2
Kilograms per hectare,Malta,2007,167.6
Kilograms per hectare,Malta,2008,152.1
Kilograms per hectare,Malta,2009,146.4
Kilograms per hectare,Malta,2010,130.8
Kilograms per hectare,Malta,2011,111.3
Kilograms per hectare,Malta,2012,111.7
Kilograms per hectare,Malta,2013,112.3
Kilograms per hectare,Malta,2014,110.9
Kilograms per hectare,Malta,2015,108.3
Kilograms per hectare,Malta,2016,107.4
Kilograms per hectare,Malta,2017,102.5
Kilograms per hectare,Malta,2018,105.8
Kilograms per hectare,Malta,2019,105.9
Kilograms per hectare,Malta,2020,125.5
Kilograms per hectare,Malta,2021,120.4
Kilograms per hectare,Netherlands,1990,162.1
Kilograms per hectare,Netherlands,1991,173.1
Kilograms per hectare,Netherlands,1992,141.5
Kilograms per hectare,Netherlands,1993,140.5
Kilograms per hectare,Netherlands,1994,120.3
Kilograms per hectare,Netherlands,1995,101.3
Kilograms per hectare,Netherlands,1996,102.7
Kilograms per hectare,Netherlands,1997,97.2
Kilograms per hectare,Netherlands,1998,91.7
Kilograms per hectare,Netherlands,1999,88.7
Kilograms per hectare,Netherlands,2000,78.2
Kilograms per hectare,Netherlands,2001,76.3
Kilograms per hectare,Netherlands,2002,71.9
Kilograms per hectare,Netherlands,2003,71.3
Kilograms per hectare,Netherlands,2004,70.8
Kilograms per hectare,Netherlands,2005,70
Kilograms per hectare,Netherlands,2006,72.6
Kilograms per hectare,Netherlands,2007,71.4
Kilograms per hectare,Netherlands,2008,63.2
Kilograms per hectare,Netherlands,2009,61.7
Kilograms per hectare,Netherlands,2010,62.1
Kilograms per hectare,Netherlands,2011,61.7
Kilograms per hectare,Netherlands,2012,59.6
Kilograms per hectare,Netherlands,2013,58
Kilograms per hectare,Netherlands,2014,60.4
Kilograms per hectare,Netherlands,2015,61.1
Kilograms per hectare,Netherlands,2016,63
Kilograms per hectare,Netherlands,2017,64.1
Kilograms per hectare,Netherlands,2018,61.6
Kilograms per hectare,Netherlands,2019,59
Kilograms per hectare,Netherlands,2020,58.5
Kilograms per hectare,Netherlands,2021,57.8
Kilograms per hectare,Norway,1995,24.8
Kilograms per hectare,Norway,1996,25
Kilograms per hectare,Norway,1997,24.5
Kilograms per hectare,Norway,1998,24.8
Kilograms per hectare,Norway,1999,25.7
Kilograms per hectare,Norway,2000,24.7
Kilograms per hectare,Norway,2001,25
Kilograms per hectare,Norway,2002,25.2
Kilograms per hectare,Norway,2003,26.5
Kilograms per hectare,Norway,2004,26.5
Kilograms per hectare,Norway,2005,26.8
Kilograms per hectare,Norway,2006,26.9
Kilograms per hectare,Norway,2007,27.1
Kilograms per hectare,Norway,2008,27.7
Kilograms per hectare,Norway,2010,28.1
Kilograms per hectare,Norway,2011,28
Kilograms per hectare,Norway,2012,28.4
Kilograms per hectare,Norway,2013,29
Kilograms per hectare,Norway,2014,29
Kilograms per hectare,Norway,2015,29.2
Kilograms per hectare,Norway,2016,29.5
Kilograms per hectare,Norway,2017,29.3
Kilograms per hectare,Norway,2018,29.1
Kilograms per hectare,Norway,2019,28.3
Kilograms per hectare,Norway,2020,28.3
Kilograms per hectare,Norway,2021,28.9
Kilograms per hectare,Poland,1990,25.7
Kilograms per hectare,Poland,1991,22.5
Kilograms per hectare,Poland,1992,21.3
Kilograms per hectare,Poland,1993,19.8
Kilograms per hectare,Poland,1994,19.9
Kilograms per hectare,Poland,1995,19.5
Kilograms per hectare,Poland,1996,18.6
Kilograms per hectare,Poland,1997,18.8
Kilograms per hectare,Poland,1998,19.3
Kilograms per hectare,Poland,1999,19.1
Kilograms per hectare,Poland,2000,18.4
Kilograms per hectare,Poland,2001,17.7
Kilograms per hectare,Poland,2002,18.7
Kilograms per hectare,Poland,2003,18.6
Kilograms per hectare,Poland,2004,17.8
Kilograms per hectare,Poland,2005,19.3
Kilograms per hectare,Poland,2006,19.5
Kilograms per hectare,Poland,2007,20.5
Kilograms per hectare,Poland,2008,19.7
Kilograms per hectare,Poland,2009,18.9
Kilograms per hectare,Poland,2010,19.6
Kilograms per hectare,Poland,2011,19.3
Kilograms per hectare,Poland,2012,19
Kilograms per hectare,Poland,2013,19.5
Kilograms per hectare,Poland,2014,19.2
Kilograms per hectare,Poland,2015,19.2
Kilograms per hectare,Poland,2016,19.3
Kilograms per hectare,Poland,2017,20.2
Kilograms per hectare,Poland,2018,20.8
Kilograms per hectare,Poland,2019,20
Kilograms per hectare,Poland,2020,20.3
Kilograms per hectare,Poland,2021,19.2
Kilograms per hectare,Portugal,1990,14.2
Kilograms per hectare,Portugal,1991,14
Kilograms per hectare,Portugal,1992,14.1
Kilograms per hectare,Portugal,1993,14.1
Kilograms per hectare,Portugal,1994,14
Kilograms per hectare,Portugal,1995,14
Kilograms per hectare,Portugal,1996,14.2
Kilograms per hectare,Portugal,1997,14.1
Kilograms per hectare,Portugal,1998,14.4
Kilograms per hectare,Portugal,1999,14.5
Kilograms per hectare,Portugal,2000,15.1
Kilograms per hectare,Portugal,2001,14.9
Kilograms per hectare,Portugal,2002,14.3
Kilograms per hectare,Portugal,2003,13.7
Kilograms per hectare,Portugal,2004,13.8
Kilograms per hectare,Portugal,2005,12.9
Kilograms per hectare,Portugal,2006,13
Kilograms per hectare,Portugal,2007,13.4
Kilograms per hectare,Portugal,2008,13
Kilograms per hectare,Portugal,2009,12.9
Kilograms per hectare,Portugal,2010,12.8
Kilograms per hectare,Portugal,2011,12.9
Kilograms per hectare,Portugal,2012,12.6
Kilograms per hectare,Portugal,2013,12.1
Kilograms per hectare,Portugal,2014,12.7
Kilograms per hectare,Portugal,2015,13
Kilograms per hectare,Portugal,2016,13.4
Kilograms per hectare,Portugal,2017,13.4
Kilograms per hectare,Portugal,2018,13.4
Kilograms per hectare,Portugal,2019,12.9
Kilograms per hectare,Portugal,2020,13.2
Kilograms per hectare,Portugal,2021,13.1
Kilograms per hectare,Romania,1990,20.2
Kilograms per hectare,Romania,1991,16.4
Kilograms per hectare,Romania,1992,14.3
Kilograms per hectare,Romania,1993,14
Kilograms per hectare,Romania,1994,13
Kilograms per hectare,Romania,1995,13.2
Kilograms per hectare,Romania,1996,13
Kilograms per hectare,Romania,1997,11.9
Kilograms per hectare,Romania,1998,11.6
Kilograms per hectare,Romania,1999,10.9
Kilograms per hectare,Romania,2000,10.3
Kilograms per hectare,Romania,2001,10
Kilograms per hectare,Romania,2002,10.4
Kilograms per hectare,Romania,2003,10.6
Kilograms per hectare,Romania,2004,11.6
Kilograms per hectare,Romania,2005,12
Kilograms per hectare,Romania,2006,12.2
Kilograms per hectare,Romania,2007,12.5
Kilograms per hectare,Romania,2008,12.3
Kilograms per hectare,Romania,2009,11.8
Kilograms per hectare,Romania,2010,10.2
Kilograms per hectare,Romania,2011,10.4
Kilograms per hectare,Romania,2012,10.2
Kilograms per hectare,Romania,2013,10.2
Kilograms per hectare,Romania,2014,10.4
Kilograms per hectare,Romania,2015,10.7
Kilograms per hectare,Romania,2016,10.8
Kilograms per hectare,Romania,2017,10.8
Kilograms per hectare,Romania,2018,10.6
Kilograms per hectare,Romania,2019,10.2
Kilograms per hectare,Romania,2020,10.6
Kilograms per hectare,Romania,2021,10.8
Kilograms per hectare,Sweden,1990,15.8
Kilograms per hectare,Sweden,1991,15.6
Kilograms per hectare,Sweden,1992,15.8
Kilograms per hectare,Sweden,1993,16.6
Kilograms per hectare,Sweden,1994,16.1
Kilograms per hectare,Sweden,1995,16.8
Kilograms per hectare,Sweden,1996,16.7
Kilograms per hectare,Sweden,1997,17.4
Kilograms per hectare,Sweden,1998,17.2
Kilograms per hectare,Sweden,1999,16.8
Kilograms per hectare,Sweden,2000,16.9
Kilograms per hectare,Sweden,2001,16.3
Kilograms per hectare,Sweden,2002,15.8
Kilograms per hectare,Sweden,2003,15.8
Kilograms per hectare,Sweden,2004,15.8
Kilograms per hectare,Sweden,2005,15.2
Kilograms per hectare,Sweden,2006,15.2
Kilograms per hectare,Sweden,2007,15.3
Kilograms per hectare,Sweden,2008,15.6
Kilograms per hectare,Sweden,2009,14.8
Kilograms per hectare,Sweden,2010,15.1
Kilograms per hectare,Sweden,2011,15.1
Kilograms per hectare,Sweden,2012,14.9
Kilograms per hectare,Sweden,2013,15.3
Kilograms per hectare,Sweden,2014,15.3
Kilograms per hectare,Sweden,2015,15.3
Kilograms per hectare,Sweden,2016,15
Kilograms per hectare,Sweden,2017,15.1
Kilograms per hectare,Sweden,2018,15.1
Kilograms per hectare,Sweden,2019,14.9
Kilograms per hectare,Sweden,2020,15
Kilograms per hectare,Sweden,2021,14.7
Kilograms per hectare,Slovenia,1991,24.2
Kilograms per hectare,Slovenia,1992,37.6
Kilograms per hectare,Slovenia,1993,35
Kilograms per hectare,Slovenia,1994,37.7
Kilograms per hectare,Slovenia,1995,36.7
Kilograms per hectare,Slovenia,1996,36
Kilograms per hectare,Slovenia,1997,38
Kilograms per hectare,Slovenia,1998,38.7
Kilograms per hectare,Slovenia,2000,38.7
Kilograms per hectare,Slovenia,2001,38.1
Kilograms per hectare,Slovenia,2002,40.3
Kilograms per hectare,Slovenia,2003,37.5
Kilograms per hectare,Slovenia,2004,36.8
Kilograms per hectare,Slovenia,2005,35.6
Kilograms per hectare,Slovenia,2006,37.4
Kilograms per hectare,Slovenia,2007,37.9
Kilograms per hectare,Slovenia,2008,36
Kilograms per hectare,Slovenia,2009,38.9
Kilograms per hectare,Slovenia,2010,36.6
Kilograms per hectare,Slovenia,2011,37
Kilograms per hectare,Slovenia,2012,35.3
Kilograms per hectare,Slovenia,2013,34.9
Kilograms per hectare,Slovenia,2014,35.1
Kilograms per hectare,Slovenia,2015,36.2
Kilograms per hectare,Slovenia,2016,36.6
Kilograms per hectare,Slovenia,2017,35.8
Kilograms per hectare,Slovenia,2018,36.1
Kilograms per hectare,Slovenia,2019,35.8
Kilograms per hectare,Slovenia,2020,35.4
Kilograms per hectare,Slovenia,2021,35.7
Kilograms per hectare,Slovakia,1990,22.9
Kilograms per hectare,Slovakia,1991,19.9
Kilograms per hectare,Slovakia,1992,17
Kilograms per hectare,Slovakia,1993,14.9
Kilograms per hectare,Slovakia,1994,15.1
Kilograms per hectare,Slovakia,1995,14.5
Kilograms per hectare,Slovakia,1996,14.6
Kilograms per hectare,Slovakia,1997,15.6
Kilograms per hectare,Slovakia,1998,13.1
Kilograms per hectare,Slovakia,1999,12.4
Kilograms per hectare,Slovakia,2000,12.7
Kilograms per hectare,Slovakia,2001,14
Kilograms per hectare,Slovakia,2002,14.6
Kilograms per hectare,Slovakia,2003,13.8
Kilograms per hectare,Slovakia,2004,14.6
Kilograms per hectare,Slovakia,2005,14.7
Kilograms per hectare,Slovakia,2006,13.1
Kilograms per hectare,Slovakia,2007,13.7
Kilograms per hectare,Slovakia,2008,12.7
Kilograms per hectare,Slovakia,2009,12.6
Kilograms per hectare,Slovakia,2010,12.5
Kilograms per hectare,Slovakia,2011,12.4
Kilograms per hectare,Slovakia,2012,12.9
Kilograms per hectare,Slovakia,2013,13
Kilograms per hectare,Slovakia,2014,13.5
Kilograms per hectare,Slovakia,2015,13
Kilograms per hectare,Slovakia,2016,13.5
Kilograms per hectare,Slovakia,2017,14.5
Kilograms per hectare,Slovakia,2018,14.6
Kilograms per hectare,Slovakia,2019,14.3
Kilograms per hectare,Slovakia,2020,12.5
Kilograms per hectare,Slovakia,2021,11.8
Kilograms per hectare,Türkiye,1996,13.4
Kilograms per hectare,Türkiye,1997,13.1
Kilograms per hectare,Türkiye,1998,14
Kilograms per hectare,Türkiye,1999,14.6
Kilograms per hectare,Türkiye,2000,14.1
Kilograms per hectare,Türkiye,2001,12.9
Kilograms per hectare,Türkiye,2002,18.5
Kilograms per hectare,Türkiye,2006,14.3
Kilograms per hectare,Türkiye,2007,13.8
Kilograms per hectare,Türkiye,2008,13.1
Kilograms per hectare,Türkiye,2011,14.5
Kilograms per hectare,Türkiye,2012,16.1
Kilograms per hectare,Türkiye,2014,17.5
Kilograms per hectare,Türkiye,2015,16.8
Kilograms per hectare,Türkiye,2016,18
Kilograms per hectare,Türkiye,2017,19.3
Kilograms per hectare,Türkiye,2018,19.8
Kilograms per hectare,Türkiye,2019,20.7
Kilograms per hectare,Türkiye,2020,22
Kilograms per hectare,Türkiye,2021,23.2
Tonne,Austria,1990,66402
Tonne,Austria,1991,66521
Tonne,Austria,1992,63970
Tonne,Austria,1993,63893
Tonne,Austria,1994,63503
Tonne,Austria,1995,63550
Tonne,Austria,1996,62407
Tonne,Austria,1997,62176
Tonne,Austria,1998,62307
Tonne,Austria,1999,60599
Tonne,Austria,2000,59075
Tonne,Austria,2001,58652
Tonne,Austria,2002,57518
Tonne,Austria,2003,57435
Tonne,Austria,2004,57007
Tonne,Austria,2005,56968
Tonne,Austria,2006,57295
Tonne,Austria,2007,58657
Tonne,Austria,2008,58258
Tonne,Austria,2009,59865
Tonne,Austria,2010,59764
Tonne,Austria,2011,59446
Tonne,Austria,2012,59829
Tonne,Austria,2013,60043
Tonne,Austria,2014,60921
Tonne,Austria,2015,61602
Tonne,Austria,2016,62519
Tonne,Austria,2017,63198
Tonne,Austria,2018,62257
Tonne,Austria,2019,61270
Tonne,Austria,2020,61132
Tonne,Austria,2021,61284
Tonne,Belgium,1990,127670
Tonne,Belgium,1991,125680
Tonne,Belgium,1992,126495
Tonne,Belgium,1993,129048
Tonne,Belgium,1994,129310
Tonne,Belgium,1995,132346
Tonne,Belgium,1996,132763
Tonne,Belgium,1997,132656
Tonne,Belgium,1998,134211
Tonne,Belgium,1999,129062
Tonne,Belgium,2000,89590
Tonne,Belgium,2001,87281
Tonne,Belgium,2002,84813
Tonne,Belgium,2003,80498
Tonne,Belgium,2004,75408
Tonne,Belgium,2005,74164
Tonne,Belgium,2006,73472
Tonne,Belgium,2007,70504
Tonne,Belgium,2008,68320
Tonne,Belgium,2009,68756
Tonne,Belgium,2010,68957
Tonne,Belgium,2011,67535
Tonne,Belgium,2012,67934
Tonne,Belgium,2013,66555
Tonne,Belgium,2014,65795
Tonne,Belgium,2015,65659
Tonne,Belgium,2016,65497
Tonne,Belgium,2017,63720
Tonne,Belgium,2018,63220
Tonne,Belgium,2019,62223
Tonne,Belgium,2020,62247
Tonne,Belgium,2021,61629
Tonne,Bulgaria,1990,107541
Tonne,Bulgaria,1991,88923
Tonne,Bulgaria,1992,94570
Tonne,Bulgaria,1993,66107
Tonne,Bulgaria,1994,58278
Tonne,Bulgaria,1995,46879
Tonne,Bulgaria,1996,47542
Tonne,Bulgaria,1997,45010
Tonne,Bulgaria,1998,37746
Tonne,Bulgaria,1999,42041
Tonne,Bulgaria,2000,39762
Tonne,Bulgaria,2001,36806
Tonne,Bulgaria,2002,37331
Tonne,Bulgaria,2003,38730
Tonne,Bulgaria,2004,39890
Tonne,Bulgaria,2005,38743
Tonne,Bulgaria,2006,34617
Tonne,Bulgaria,2007,34286
Tonne,Bulgaria,2008,33438
Tonne,Bulgaria,2009,33127
Tonne,Bulgaria,2010,31229
Tonne,Bulgaria,2011,31682
Tonne,Bulgaria,2012,32814
Tonne,Bulgaria,2013,34538
Tonne,Bulgaria,2014,35205
Tonne,Bulgaria,2015,35941
Tonne,Bulgaria,2016,37430
Tonne,Bulgaria,2017,38074
Tonne,Bulgaria,2018,38276
Tonne,Bulgaria,2019,38709
Tonne,Bulgaria,2020,37778
Tonne,Bulgaria,2021,38181
Tonne,Switzerland,1990,63476
Tonne,Switzerland,1991,62156
Tonne,Switzerland,1992,61184
Tonne,Switzerland,1993,60139
Tonne,Switzerland,1994,59524
Tonne,Switzerland,1995,59031
Tonne,Switzerland,1996,57472
Tonne,Switzerland,1997,55108
Tonne,Switzerland,1998,54665
Tonne,Switzerland,1999,53974
Tonne,Switzerland,2000,53274
Tonne,Switzerland,2001,53833
Tonne,Switzerland,2002,53343
Tonne,Switzerland,2003,52467
Tonne,Switzerland,2004,52272
Tonne,Switzerland,2005,53167
Tonne,Switzerland,2006,53681
Tonne,Switzerland,2007,54452
Tonne,Switzerland,2008,54207
Tonne,Switzerland,2009,52764
Tonne,Switzerland,2010,52643
Tonne,Switzerland,2011,51847
Tonne,Switzerland,2012,51402
Tonne,Switzerland,2013,50887
Tonne,Switzerland,2014,51426
Tonne,Switzerland,2015,50811
Tonne,Switzerland,2016,50668
Tonne,Switzerland,2017,50639
Tonne,Switzerland,2018,50172
Tonne,Switzerland,2019,49309
Tonne,Switzerland,2020,49165
Tonne,Switzerland,2021,49490
Tonne,Cyprus,1990,5455
Tonne,Cyprus,1991,5489
Tonne,Cyprus,1992,6073
Tonne,Cyprus,1993,6319
Tonne,Cyprus,1994,6347
Tonne,Cyprus,1995,6470
Tonne,Cyprus,1996,6749
Tonne,Cyprus,1997,6592
Tonne,Cyprus,1998,6610
Tonne,Cyprus,1999,6467
Tonne,Cyprus,2000,6330
Tonne,Cyprus,2001,6756
Tonne,Cyprus,2002,7170
Tonne,Cyprus,2003,6939
Tonne,Cyprus,2004,6780
Tonne,Cyprus,2005,6290
Tonne,Cyprus,2006,6480
Tonne,Cyprus,2007,6429
Tonne,Cyprus,2008,6214
Tonne,Cyprus,2009,6092
Tonne,Cyprus,2010,6000
Tonne,Cyprus,2011,5928
Tonne,Cyprus,2012,5585
Tonne,Cyprus,2013,5303
Tonne,Cyprus,2014,5531
Tonne,Cyprus,2015,4727
Tonne,Cyprus,2016,4939
Tonne,Cyprus,2017,4944
Tonne,Cyprus,2018,5123
Tonne,Cyprus,2019,5265
Tonne,Cyprus,2020,5535
Tonne,Cyprus,2021,5671
Tonne,Czechia,1990,125723
Tonne,Czechia,1991,115941
Tonne,Czechia,1992,103039
Tonne,Czechia,1993,91513
Tonne,Czechia,1994,83017
Tonne,Czechia,1995,81947
Tonne,Czechia,1996,85165
Tonne,Czechia,1997,83365
Tonne,Czechia,1998,80351
Tonne,Czechia,1999,79263
Tonne,Czechia,2000,77081
Tonne,Czechia,2001,76899
Tonne,Czechia,2002,76893
Tonne,Czechia,2003,74579
Tonne,Czechia,2004,71465
Tonne,Czechia,2005,70954
Tonne,Czechia,2006,69760
Tonne,Czechia,2007,69901
Tonne,Czechia,2008,68329
Tonne,Czechia,2009,63797
Tonne,Czechia,2010,61963
Tonne,Czechia,2011,61922
Tonne,Czechia,2012,61863
Tonne,Czechia,2013,64494
Tonne,Czechia,2014,66671
Tonne,Czechia,2015,73537
Tonne,Czechia,2016,74066
Tonne,Czechia,2017,72271
Tonne,Czechia,2018,68690
Tonne,Czechia,2019,64692
Tonne,Czechia,2020,62131
Tonne,Czechia,2021,61726
Tonne,Germany,1990,682718
Tonne,Germany,1991,604801
Tonne,Germany,1992,600877
Tonne,Germany,1993,591155
Tonne,Germany,1994,568124
Tonne,Germany,1995,563664
Tonne,Germany,1996,569216
Tonne,Germany,1997,560679
Tonne,Germany,1998,567246
Tonne,Germany,1999,565502
Tonne,Germany,2000,563292
Tonne,Germany,2001,569650
Tonne,Germany,2002,556449
Tonne,Germany,2003,554367
Tonne,Germany,2004,539447
Tonne,Germany,2005,541606
Tonne,Germany,2006,532561
Tonne,Germany,2007,537728
Tonne,Germany,2008,538445
Tonne,Germany,2009,535483
Tonne,Germany,2010,533005
Tonne,Germany,2011,529311
Tonne,Germany,2012,534706
Tonne,Germany,2013,534259
Tonne,Germany,2014,541836
Tonne,Germany,2015,540679
Tonne,Germany,2016,535401
Tonne,Germany,2017,519420
Tonne,Germany,2018,494818
Tonne,Germany,2019,475149
Tonne,Germany,2020,435922
Tonne,Germany,2021,423157
Tonne,Denmark,1990,122216
Tonne,Denmark,1991,118280
Tonne,Denmark,1992,115291
Tonne,Denmark,1993,111721
Tonne,Denmark,1994,106896
Tonne,Denmark,1995,101018
Tonne,Denmark,1996,97586
Tonne,Denmark,1997,96786
Tonne,Denmark,1998,97354
Tonne,Denmark,1999,93430
Tonne,Denmark,2000,90183
Tonne,Denmark,2001,87619
Tonne,Denmark,2002,85784
Tonne,Denmark,2003,84420
Tonne,Denmark,2004,84180
Tonne,Denmark,2005,81257
Tonne,Denmark,2006,77882
Tonne,Denmark,2007,76723
Tonne,Denmark,2008,75989
Tonne,Denmark,2009,72014
Tonne,Denmark,2010,73216
Tonne,Denmark,2011,70141
Tonne,Denmark,2012,68799
Tonne,Denmark,2013,66474
Tonne,Denmark,2014,66688
Tonne,Denmark,2015,67925
Tonne,Denmark,2016,68348
Tonne,Denmark,2017,70395
Tonne,Denmark,2018,69469
Tonne,Denmark,2019,65034
Tonne,Denmark,2020,67909
Tonne,Denmark,2021,59804
Tonne,Estonia,1990,19646
Tonne,Estonia,1991,17862
Tonne,Estonia,1992,15466
Tonne,Estonia,1993,11372
Tonne,Estonia,1994,10600
Tonne,Estonia,1995,9068
Tonne,Estonia,1996,7785
Tonne,Estonia,1997,8039
Tonne,Estonia,1998,8213
Tonne,Estonia,1999,7204
Tonne,Estonia,2000,7613
Tonne,Estonia,2001,7965
Tonne,Estonia,2002,7596
Tonne,Estonia,2003,8194
Tonne,Estonia,2004,8468
Tonne,Estonia,2005,9009
Tonne,Estonia,2006,9685
Tonne,Estonia,2007,9205
Tonne,Estonia,2008,9602
Tonne,Estonia,2009,9076
Tonne,Estonia,2010,9731
Tonne,Estonia,2011,9738
Tonne,Estonia,2012,9813
Tonne,Estonia,2013,9865
Tonne,Estonia,2014,10085
Tonne,Estonia,2015,10061
Tonne,Estonia,2016,9525
Tonne,Estonia,2017,9452
Tonne,Estonia,2018,9148
Tonne,Estonia,2019,9056
Tonne,Estonia,2020,8898
Tonne,Estonia,2021,9032
Tonne,Greece,1990,85008
Tonne,Greece,1991,84015
Tonne,Greece,1992,81510
Tonne,Greece,1993,75676
Tonne,Greece,1994,71409
Tonne,Greece,1995,75081
Tonne,Greece,1996,75389
Tonne,Greece,1997,74375
Tonne,Greece,1998,74026
Tonne,Greece,1999,72952
Tonne,Greece,2000,71140
Tonne,Greece,2001,69694
Tonne,Greece,2002,69397
Tonne,Greece,2003,69117
Tonne,Greece,2004,70084
Tonne,Greece,2005,67913
Tonne,Greece,2006,66868
Tonne,Greece,2007,67957
Tonne,Greece,2008,64717
Tonne,Greece,2009,59920
Tonne,Greece,2010,65093
Tonne,Greece,2011,61908
Tonne,Greece,2012,61079
Tonne,Greece,2013,61891
Tonne,Greece,2014,58788
Tonne,Greece,2015,57475
Tonne,Greece,2016,57671
Tonne,Greece,2017,57100
Tonne,Greece,2018,56907
Tonne,Greece,2019,56860
Tonne,Greece,2020,57732
Tonne,Greece,2021,56608
Tonne,Spain,1990,445057
Tonne,Spain,1991,443559
Tonne,Spain,1992,452522
Tonne,Spain,1993,431844
Tonne,Spain,1994,455987
Tonne,Spain,1995,457041
Tonne,Spain,1996,495351
Tonne,Spain,1997,491576
Tonne,Spain,1998,517802
Tonne,Spain,1999,507520
Tonne,Spain,2000,541609
Tonne,Spain,2001,548377
Tonne,Spain,2002,538926
Tonne,Spain,2003,544562
Tonne,Spain,2004,518753
Tonne,Spain,2005,483223
Tonne,Spain,2006,478347
Tonne,Spain,2007,484702
Tonne,Spain,2008,433847
Tonne,Spain,2009,432400
Tonne,Spain,2010,433818
Tonne,Spain,2011,422584
Tonne,Spain,2012,420583
Tonne,Spain,2013,426961
Tonne,Spain,2014,446152
Tonne,Spain,2015,449969
Tonne,Spain,2016,451900
Tonne,Spain,2017,466878
Tonne,Spain,2018,463346
Tonne,Spain,2019,456844
Tonne,Spain,2020,470510
Tonne,Spain,2021,458219
Tonne,European Union - 27 countries (from 2020),1990,4597853
Tonne,European Union - 27 countries (from 2020),1991,4339784
Tonne,European Union - 27 countries (from 2020),1992,4140205
Tonne,European Union - 27 countries (from 2020),1993,3978918
Tonne,European Union - 27 countries (from 2020),1994,3874622
Tonne,European Union - 27 countries (from 2020),1995,3805147
Tonne,European Union - 27 countries (from 2020),1996,3825323
Tonne,European Union - 27 countries (from 2020),1997,3797194
Tonne,European Union - 27 countries (from 2020),1998,3798811
Tonne,European Union - 27 countries (from 2020),1999,3761162
Tonne,European Union - 27 countries (from 2020),2000,3693342
Tonne,European Union - 27 countries (from 2020),2001,3668088
Tonne,European Union - 27 countries (from 2020),2002,3613061
Tonne,European Union - 27 countries (from 2020),2003,3568429
Tonne,European Union - 27 countries (from 2020),2004,3498945
Tonne,European Union - 27 countries (from 2020),2005,3455453
Tonne,European Union - 27 countries (from 2020),2006,3426499
Tonne,European Union - 27 countries (from 2020),2007,3443207
Tonne,European Union - 27 countries (from 2020),2008,3354032
Tonne,European Union - 27 countries (from 2020),2009,3278779
Tonne,European Union - 27 countries (from 2020),2010,3227117
Tonne,European Union - 27 countries (from 2020),2011,3203558
Tonne,European Union - 27 countries (from 2020),2012,3196411
Tonne,European Union - 27 countries (from 2020),2013,3176570
Tonne,European Union - 27 countries (from 2020),2014,3205979
Tonne,European Union - 27 countries (from 2020),2015,3234830
Tonne,European Union - 27 countries (from 2020),2016,3247561
Tonne,European Union - 27 countries (from 2020),2017,3259410
Tonne,European Union - 27 countries (from 2020),2018,3227283
Tonne,European Union - 27 countries (from 2020),2019,3140650
Tonne,European Union - 27 countries (from 2020),2020,3110094
Tonne,European Union - 27 countries (from 2020),2021,3024985
Tonne,Finland,1990,32517
Tonne,Finland,1991,30624
Tonne,Finland,1992,29724
Tonne,Finland,1993,30220
Tonne,Finland,1994,31074
Tonne,Finland,1995,30767
Tonne,Finland,1996,31333
Tonne,Finland,1997,32110
Tonne,Finland,1998,32027
Tonne,Finland,1999,30740
Tonne,Finland,2000,31199
Tonne,Finland,2001,31454
Tonne,Finland,2002,32391
Tonne,Finland,2003,33407
Tonne,Finland,2004,33299
Tonne,Finland,2005,33440
Tonne,Finland,2006,33598
Tonne,Finland,2007,33323
Tonne,Finland,2008,33088
Tonne,Finland,2009,32396
Tonne,Finland,2010,33115
Tonne,Finland,2011,32709
Tonne,Finland,2012,32633
Tonne,Finland,2013,32555
Tonne,Finland,2014,33112
Tonne,Finland,2015,32011
Tonne,Finland,2016,30685
Tonne,Finland,2017,30085
Tonne,Finland,2018,29576
Tonne,Finland,2019,29107
Tonne,Finland,2020,27678
Tonne,Finland,2021,27118
Tonne,France,1990,635631
Tonne,France,1991,627784
Tonne,France,1992,622566
Tonne,France,1993,615044
Tonne,France,1994,609075
Tonne,France,1995,613167
Tonne,France,1996,614707
Tonne,France,1997,613276
Tonne,France,1998,611075
Tonne,France,1999,610747
Tonne,France,2000,623246
Tonne,France,2001,618033
Tonne,France,2002,605780
Tonne,France,2003,588276
Tonne,France,2004,582797
Tonne,France,2005,583026
Tonne,France,2006,573806
Tonne,France,2007,573002
Tonne,France,2008,586213
Tonne,France,2009,577667
Tonne,France,2010,563406
Tonne,France,2011,572720
Tonne,France,2012,565032
Tonne,France,2013,552858
Tonne,France,2014,562903
Tonne,France,2015,563049
Tonne,France,2016,561789
Tonne,France,2017,560776
Tonne,France,2018,558023
Tonne,France,2019,539922
Tonne,France,2020,521203
Tonne,France,2021,505691
Tonne,Croatia,1990,41628
Tonne,Croatia,1991,41579
Tonne,Croatia,1992,36272
Tonne,Croatia,1993,33300
Tonne,Croatia,1994,32245
Tonne,Croatia,1995,30099
Tonne,Croatia,1996,29992
Tonne,Croatia,1997,32320
Tonne,Croatia,1998,27799
Tonne,Croatia,1999,30860
Tonne,Croatia,2000,31343
Tonne,Croatia,2001,34600
Tonne,Croatia,2002,33053
Tonne,Croatia,2003,32462
Tonne,Croatia,2004,33549
Tonne,Croatia,2005,31899
Tonne,Croatia,2006,32756
Tonne,Croatia,2007,32841
Tonne,Croatia,2008,35939
Tonne,Croatia,2009,27647
Tonne,Croatia,2010,29094
Tonne,Croatia,2011,30633
Tonne,Croatia,2012,29083
Tonne,Croatia,2013,23542
Tonne,Croatia,2014,22855
Tonne,Croatia,2015,24701
Tonne,Croatia,2016,23223
Tonne,Croatia,2017,26129
Tonne,Croatia,2018,26556
Tonne,Croatia,2019,25858
Tonne,Croatia,2020,26069
Tonne,Croatia,2021,26113
Tonne,Hungary,1990,127502
Tonne,Hungary,1991,104974
Tonne,Hungary,1992,89168
Tonne,Hungary,1993,78771
Tonne,Hungary,1994,74552
Tonne,Hungary,1995,74772
Tonne,Hungary,1996,74018
Tonne,Hungary,1997,72936
Tonne,Hungary,1998,76868
Tonne,Hungary,1999,77881
Tonne,Hungary,2000,80477
Tonne,Hungary,2001,79477
Tonne,Hungary,2002,81384
Tonne,Hungary,2003,81480
Tonne,Hungary,2004,79322
Tonne,Hungary,2005,74147
Tonne,Hungary,2006,73632
Tonne,Hungary,2007,73797
Tonne,Hungary,2008,67461
Tonne,Hungary,2009,63029
Tonne,Hungary,2010,63333
Tonne,Hungary,2011,63146
Tonne,Hungary,2012,61836
Tonne,Hungary,2013,63469
Tonne,Hungary,2014,64815
Tonne,Hungary,2015,68256
Tonne,Hungary,2016,69076
Tonne,Hungary,2017,70057
Tonne,Hungary,2018,69804
Tonne,Hungary,2019,69487
Tonne,Hungary,2020,70225
Tonne,Hungary,2021,70181
Tonne,Ireland,1990,110128
Tonne,Ireland,1991,112177
Tonne,Ireland,1992,114960
Tonne,Ireland,1993,114326
Tonne,Ireland,1994,115255
Tonne,Ireland,1995,115896
Tonne,Ireland,1996,119987
Tonne,Ireland,1997,122882
Tonne,Ireland,1998,126855
Tonne,Ireland,1999,124393
Tonne,Ireland,2000,118482
Tonne,Ireland,2001,118358
Tonne,Ireland,2002,118668
Tonne,Ireland,2003,118811
Tonne,Ireland,2004,116084
Tonne,Ireland,2005,116948
Tonne,Ireland,2006,118780
Tonne,Ireland,2007,112163
Tonne,Ireland,2008,114195
Tonne,Ireland,2009,114583
Tonne,Ireland,2010,112772
Tonne,Ireland,2011,109128
Tonne,Ireland,2012,115511
Tonne,Ireland,2013,116586
Tonne,Ireland,2014,113109
Tonne,Ireland,2015,118459
Tonne,Ireland,2016,123854
Tonne,Ireland,2017,128323
Tonne,Ireland,2018,135147
Tonne,Ireland,2019,124906
Tonne,Ireland,2020,122784
Tonne,Ireland,2021,123643
Tonne,Iceland,1990,4823
Tonne,Iceland,1991,4669
Tonne,Iceland,1992,4512
Tonne,Iceland,1993,4529
Tonne,Iceland,1994,4531
Tonne,Iceland,1995,4388
Tonne,Iceland,1996,4487
Tonne,Iceland,1997,4409
Tonne,Iceland,1998,4500
Tonne,Iceland,1999,4478
Tonne,Iceland,2000,4414
Tonne,Iceland,2001,4401
Tonne,Iceland,2002,4312
Tonne,Iceland,2003,4263
Tonne,Iceland,2004,4262
Tonne,Iceland,2005,4191
Tonne,Iceland,2006,4354
Tonne,Iceland,2007,4459
Tonne,Iceland,2008,4480
Tonne,Iceland,2009,4450
Tonne,Iceland,2010,4367
Tonne,Iceland,2011,4398
Tonne,Iceland,2012,4277
Tonne,Iceland,2013,4165
Tonne,Iceland,2014,4494
Tonne,Iceland,2015,4505
Tonne,Iceland,2016,4542
Tonne,Iceland,2017,4536
Tonne,Iceland,2018,4420
Tonne,Iceland,2019,4356
Tonne,Iceland,2020,4293
Tonne,Iceland,2021,4270
Tonne,Italy,1990,446642
Tonne,Italy,1991,452455
Tonne,Italy,1992,439833
Tonne,Italy,1993,443744
Tonne,Italy,1994,432445
Tonne,Italy,1995,426128
Tonne,Italy,1996,417653
Tonne,Italy,1997,425141
Tonne,Italy,1998,422247
Tonne,Italy,1999,426259
Tonne,Italy,2000,408654
Tonne,Italy,2001,406779
Tonne,Italy,2002,396519
Tonne,Italy,2003,394107
Tonne,Italy,2004,386747
Tonne,Italy,2005,373406
Tonne,Italy,2006,370778
Tonne,Italy,2007,378972
Tonne,Italy,2008,369802
Tonne,Italy,2009,356265
Tonne,Italy,2010,345094
Tonne,Italy,2011,341459
Tonne,Italy,2012,356357
Tonne,Italy,2013,337494
Tonne,Italy,2014,325012
Tonne,Italy,2015,326686
Tonne,Italy,2016,338866
Tonne,Italy,2017,329585
Tonne,Italy,2018,321292
Tonne,Italy,2019,319926
Tonne,Italy,2020,331193
Tonne,Italy,2021,320828
Tonne,Liechtenstein,1990,82
Tonne,Liechtenstein,1991,81
Tonne,Liechtenstein,1992,79
Tonne,Liechtenstein,1993,75
Tonne,Liechtenstein,1994,78
Tonne,Liechtenstein,1995,77
Tonne,Liechtenstein,1996,77
Tonne,Liechtenstein,1997,76
Tonne,Liechtenstein,1998,73
Tonne,Liechtenstein,1999,73
Tonne,Liechtenstein,2000,74
Tonne,Liechtenstein,2001,75
Tonne,Liechtenstein,2002,82
Tonne,Liechtenstein,2003,83
Tonne,Liechtenstein,2004,83
Tonne,Liechtenstein,2005,87
Tonne,Liechtenstein,2006,91
Tonne,Liechtenstein,2007,95
Tonne,Liechtenstein,2008,97
Tonne,Liechtenstein,2009,98
Tonne,Liechtenstein,2010,97
Tonne,Liechtenstein,2011,100
Tonne,Liechtenstein,2012,101
Tonne,Liechtenstein,2013,97
Tonne,Liechtenstein,2014,98
Tonne,Liechtenstein,2015,99
Tonne,Liechtenstein,2016,97
Tonne,Liechtenstein,2017,96
Tonne,Liechtenstein,2018,98
Tonne,Liechtenstein,2019,100
Tonne,Liechtenstein,2020,100
Tonne,Liechtenstein,2021,99
Tonne,Lithuania,1990,83118
Tonne,Lithuania,1991,81518
Tonne,Lithuania,1992,60515
Tonne,Lithuania,1993,46514
Tonne,Lithuania,1994,41271
Tonne,Lithuania,1995,38158
Tonne,Lithuania,1996,39413
Tonne,Lithuania,1997,39386
Tonne,Lithuania,1998,38002
Tonne,Lithuania,1999,35280
Tonne,Lithuania,2000,33090
Tonne,Lithuania,2001,32467
Tonne,Lithuania,2002,34292
Tonne,Lithuania,2003,35531
Tonne,Lithuania,2004,36272
Tonne,Lithuania,2005,37088
Tonne,Lithuania,2006,37153
Tonne,Lithuania,2007,38069
Tonne,Lithuania,2008,35861
Tonne,Lithuania,2009,36999
Tonne,Lithuania,2010,36224
Tonne,Lithuania,2011,35534
Tonne,Lithuania,2012,35246
Tonne,Lithuania,2013,34991
Tonne,Lithuania,2014,37581
Tonne,Lithuania,2015,37995
Tonne,Lithuania,2016,37378
Tonne,Lithuania,2017,37335
Tonne,Lithuania,2018,36615
Tonne,Lithuania,2019,36942
Tonne,Lithuania,2020,37765
Tonne,Lithuania,2021,36294
Tonne,Luxembourg,1990,5927
Tonne,Luxembourg,1991,5950
Tonne,Luxembourg,1992,5726
Tonne,Luxembourg,1993,5740
Tonne,Luxembourg,1994,5667
Tonne,Luxembourg,1995,5832
Tonne,Luxembourg,1996,5912
Tonne,Luxembourg,1997,5809
Tonne,Luxembourg,1998,5759
Tonne,Luxembourg,1999,5782
Tonne,Luxembourg,2000,5700
Tonne,Luxembourg,2001,5625
Tonne,Luxembourg,2002,5454
Tonne,Luxembourg,2003,5324
Tonne,Luxembourg,2004,5428
Tonne,Luxembourg,2005,5427
Tonne,Luxembourg,2006,5369
Tonne,Luxembourg,2007,5479
Tonne,Luxembourg,2008,5643
Tonne,Luxembourg,2009,5584
Tonne,Luxembourg,2010,5701
Tonne,Luxembourg,2011,5570
Tonne,Luxembourg,2012,5401
Tonne,Luxembourg,2013,5451
Tonne,Luxembourg,2014,5574
Tonne,Luxembourg,2015,5603
Tonne,Luxembourg,2016,5699
Tonne,Luxembourg,2017,5818
Tonne,Luxembourg,2018,5807
Tonne,Luxembourg,2019,5714
Tonne,Luxembourg,2020,5689
Tonne,Luxembourg,2021,5644
Tonne,Latvia,1990,31401
Tonne,Latvia,1991,29489
Tonne,Latvia,1992,22755
Tonne,Latvia,1993,15321
Tonne,Latvia,1994,13565
Tonne,Latvia,1995,13149
Tonne,Latvia,1996,12773
Tonne,Latvia,1997,12602
Tonne,Latvia,1998,11842
Tonne,Latvia,1999,10724
Tonne,Latvia,2000,10978
Tonne,Latvia,2001,12115
Tonne,Latvia,2002,12170
Tonne,Latvia,2003,12231
Tonne,Latvia,2004,11772
Tonne,Latvia,2005,11842
Tonne,Latvia,2006,11956
Tonne,Latvia,2007,12356
Tonne,Latvia,2008,11995
Tonne,Latvia,2009,12221
Tonne,Latvia,2010,12410
Tonne,Latvia,2011,12370
Tonne,Latvia,2012,12971
Tonne,Latvia,2013,13409
Tonne,Latvia,2014,13686
Tonne,Latvia,2015,13684
Tonne,Latvia,2016,13789
Tonne,Latvia,2017,14029
Tonne,Latvia,2018,13590
Tonne,Latvia,2019,13752
Tonne,Latvia,2020,13667
Tonne,Latvia,2021,13305
Tonne,Malta,1990,2192
Tonne,Malta,1991,2240
Tonne,Malta,1992,2309
Tonne,Malta,1993,2317
Tonne,Malta,1994,2293
Tonne,Malta,1995,2219
Tonne,Malta,1996,2019
Tonne,Malta,1997,2041
Tonne,Malta,1998,1994
Tonne,Malta,1999,2021
Tonne,Malta,2000,2038
Tonne,Malta,2001,2003
Tonne,Malta,2002,1927
Tonne,Malta,2003,1764
Tonne,Malta,2004,1816
Tonne,Malta,2005,1647
Tonne,Malta,2006,1683
Tonne,Malta,2007,1731
Tonne,Malta,2008,1571
Tonne,Malta,2009,1512
Tonne,Malta,2010,1498
Tonne,Malta,2011,1274
Tonne,Malta,2012,1279
Tonne,Malta,2013,1313
Tonne,Malta,2014,1297
Tonne,Malta,2015,1266
Tonne,Malta,2016,1244
Tonne,Malta,2017,1187
Tonne,Malta,2018,1225
Tonne,Malta,2019,1226
Tonne,Malta,2020,1343
Tonne,Malta,2021,1292
Tonne,Netherlands,1990,327313
Tonne,Netherlands,1991,341010
Tonne,Netherlands,1992,277957
Tonne,Netherlands,1993,276367
Tonne,Netherlands,1994,235816
Tonne,Netherlands,1995,198852
Tonne,Netherlands,1996,201337
Tonne,Netherlands,1997,191799
Tonne,Netherlands,1998,176645
Tonne,Netherlands,1999,175832
Tonne,Netherlands,2000,154003
Tonne,Netherlands,2001,147410
Tonne,Netherlands,2002,140175
Tonne,Netherlands,2003,137136
Tonne,Netherlands,2004,136324
Tonne,Netherlands,2005,134644
Tonne,Netherlands,2006,137880
Tonne,Netherlands,2007,134712
Tonne,Netherlands,2008,122249
Tonne,Netherlands,2009,118621
Tonne,Netherlands,2010,116357
Tonne,Netherlands,2011,114688
Tonne,Netherlands,2012,109671
Tonne,Netherlands,2013,107221
Tonne,Netherlands,2014,111106
Tonne,Netherlands,2015,112807
Tonne,Netherlands,2016,113155
Tonne,Netherlands,2017,114652
Tonne,Netherlands,2018,112188
Tonne,Netherlands,2019,107105
Tonne,Netherlands,2020,106121
Tonne,Netherlands,2021,104661
Tonne,Norway,1990,27960
Tonne,Norway,1991,28038
Tonne,Norway,1992,28309
Tonne,Norway,1993,25908
Tonne,Norway,1994,25401
Tonne,Norway,1995,25396
Tonne,Norway,1996,25822
Tonne,Norway,1997,25437
Tonne,Norway,1998,25979
Tonne,Norway,1999,26722
Tonne,Norway,2000,25751
Tonne,Norway,2001,26133
Tonne,Norway,2002,26401
Tonne,Norway,2003,27545
Tonne,Norway,2004,27588
Tonne,Norway,2005,27785
Tonne,Norway,2006,27846
Tonne,Norway,2007,27993
Tonne,Norway,2008,28333
Tonne,Norway,2009,28663
Tonne,Norway,2010,28312
Tonne,Norway,2011,27947
Tonne,Norway,2012,28165
Tonne,Norway,2013,28597
Tonne,Norway,2014,28597
Tonne,Norway,2015,28742
Tonne,Norway,2016,28991
Tonne,Norway,2017,28826
Tonne,Norway,2018,28690
Tonne,Norway,2019,27870
Tonne,Norway,2020,27899
Tonne,Norway,2021,28411
Tonne,Poland,1990,479133
Tonne,Poland,1991,418546
Tonne,Poland,1992,395311
Tonne,Poland,1993,365449
Tonne,Poland,1994,367445
Tonne,Poland,1995,359321
Tonne,Poland,1996,339435
Tonne,Poland,1997,343078
Tonne,Poland,1998,351461
Tonne,Poland,1999,347151
Tonne,Poland,2000,335882
Tonne,Poland,2001,323506
Tonne,Poland,2002,316452
Tonne,Poland,2003,300735
Tonne,Poland,2004,290590
Tonne,Poland,2005,307330
Tonne,Poland,2006,311073
Tonne,Poland,2007,317642
Tonne,Poland,2008,306755
Tonne,Poland,2009,294584
Tonne,Poland,2010,285879
Tonne,Poland,2011,284952
Tonne,Poland,2012,275568
Tonne,Poland,2013,281689
Tonne,Poland,2014,277041
Tonne,Poland,2015,276953
Tonne,Poland,2016,278303
Tonne,Poland,2017,292146
Tonne,Poland,2018,302739
Tonne,Poland,2019,290334
Tonne,Poland,2020,299307
Tonne,Poland,2021,278245
Tonne,Portugal,1990,57204
Tonne,Portugal,1991,57665
Tonne,Portugal,1992,57196
Tonne,Portugal,1993,56755
Tonne,Portugal,1994,56572
Tonne,Portugal,1995,55865
Tonne,Portugal,1996,56791
Tonne,Portugal,1997,56041
Tonne,Portugal,1998,54764
Tonne,Portugal,1999,57425
Tonne,Portugal,2000,59585
Tonne,Portugal,2001,57301
Tonne,Portugal,2002,55416
Tonne,Portugal,2003,52198
Tonne,Portugal,2004,53309
Tonne,Portugal,2005,49230
Tonne,Portugal,2006,48763
Tonne,Portugal,2007,49127
Tonne,Portugal,2008,48607
Tonne,Portugal,2009,47818
Tonne,Portugal,2010,46738
Tonne,Portugal,2011,47200
Tonne,Portugal,2012,46110
Tonne,Portugal,2013,45086
Tonne,Portugal,2014,47142
Tonne,Portugal,2015,48141
Tonne,Portugal,2016,48910
Tonne,Portugal,2017,49553
Tonne,Portugal,2018,50171
Tonne,Portugal,2019,51310
Tonne,Portugal,2020,52271
Tonne,Portugal,2021,52106
Tonne,Romania,1990,298807
Tonne,Romania,1991,242072
Tonne,Romania,1992,210883
Tonne,Romania,1993,207308
Tonne,Romania,1994,192974
Tonne,Romania,1995,195773
Tonne,Romania,1996,192161
Tonne,Romania,1997,175835
Tonne,Romania,1998,171503
Tonne,Romania,1999,161547
Tonne,Romania,2000,152717
Tonne,Romania,2001,148531
Tonne,Romania,2002,154708
Tonne,Romania,2003,156732
Tonne,Romania,2004,164185
Tonne,Romania,2005,169933
Tonne,Romania,2006,170790
Tonne,Romania,2007,170905
Tonne,Romania,2008,167054
Tonne,Romania,2009,161246
Tonne,Romania,2010,144686
Tonne,Romania,2011,144951
Tonne,Romania,2012,139755
Tonne,Romania,2013,142274
Tonne,Romania,2014,143713
Tonne,Romania,2015,148957
Tonne,Romania,2016,145576
Tonne,Romania,2017,143934
Tonne,Romania,2018,142665
Tonne,Romania,2019,140684
Tonne,Romania,2020,138842
Tonne,Romania,2021,141355
Tonne,Sweden,1990,54042
Tonne,Sweden,1991,52221
Tonne,Sweden,1992,52697
Tonne,Sweden,1993,53282
Tonne,Sweden,1994,54247
Tonne,Sweden,1995,52889
Tonne,Sweden,1996,53247
Tonne,Sweden,1997,53867
Tonne,Sweden,1998,53056
Tonne,Sweden,1999,51208
Tonne,Sweden,2000,50155
Tonne,Sweden,2001,49751
Tonne,Sweden,2002,49644
Tonne,Sweden,2003,49349
Tonne,Sweden,2004,49752
Tonne,Sweden,2005,48540
Tonne,Sweden,2006,47811
Tonne,Sweden,2007,47700
Tonne,Sweden,2008,48105
Tonne,Sweden,2009,45528
Tonne,Sweden,2010,46273
Tonne,Sweden,2011,46244
Tonne,Sweden,2012,45253
Tonne,Sweden,2013,46433
Tonne,Sweden,2014,46415
Tonne,Sweden,2015,46474
Tonne,Sweden,2016,45282
Tonne,Sweden,2017,45503
Tonne,Sweden,2018,45343
Tonne,Sweden,2019,44759
Tonne,Sweden,2020,45159
Tonne,Sweden,2021,44207
Tonne,Slovenia,1990,21839
Tonne,Slovenia,1991,20395
Tonne,Slovenia,1992,21344
Tonne,Slovenia,1993,19793
Tonne,Slovenia,1994,19697
Tonne,Slovenia,1995,19745
Tonne,Slovenia,1996,18884
Tonne,Slovenia,1997,18761
Tonne,Slovenia,1998,19011
Tonne,Slovenia,1999,18956
Tonne,Slovenia,2000,19720
Tonne,Slovenia,2001,19438
Tonne,Slovenia,2002,20391
Tonne,Slovenia,2003,19099
Tonne,Slovenia,2004,18027
Tonne,Slovenia,2005,18202
Tonne,Slovenia,2006,18335
Tonne,Slovenia,2007,18893
Tonne,Slovenia,2008,17741
Tonne,Slovenia,2009,18244
Tonne,Slovenia,2010,17647
Tonne,Slovenia,2011,16949
Tonne,Slovenia,2012,16916
Tonne,Slovenia,2013,16691
Tonne,Slovenia,2014,16934
Tonne,Slovenia,2015,17252
Tonne,Slovenia,2016,17494
Tonne,Slovenia,2017,17213
Tonne,Slovenia,2018,17277
Tonne,Slovenia,2019,17161
Tonne,Slovenia,2020,17143
Tonne,Slovenia,2021,17105
Tonne,Slovakia,1990,55394
Tonne,Slovakia,1991,48012
Tonne,Slovakia,1992,41176
Tonne,Slovakia,1993,36018
Tonne,Slovakia,1994,36960
Tonne,Slovakia,1995,35451
Tonne,Slovakia,1996,35708
Tonne,Slovakia,1997,38056
Tonne,Slovakia,1998,32036
Tonne,Slovakia,1999,30318
Tonne,Slovakia,2000,30403
Tonne,Slovakia,2001,31541
Tonne,Slovakia,2002,32760
Tonne,Slovakia,2003,30945
Tonne,Slovakia,2004,28187
Tonne,Slovakia,2005,28577
Tonne,Slovakia,2006,25370
Tonne,Slovakia,2007,26402
Tonne,Slovakia,2008,24597
Tonne,Slovakia,2009,24304
Tonne,Slovakia,2010,24114
Tonne,Slovakia,2011,23837
Tonne,Slovakia,2012,24783
Tonne,Slovakia,2013,25123
Tonne,Slovakia,2014,26013
Tonne,Slovakia,2015,24963
Tonne,Slovakia,2016,25938
Tonne,Slovakia,2017,27634
Tonne,Slovakia,2018,28012
Tonne,Slovakia,2019,27358
Tonne,Slovakia,2020,23841
Tonne,Slovakia,2021,21885
Tonne,Türkiye,1990,531712
Tonne,Türkiye,1991,551476
Tonne,Türkiye,1992,726263
Tonne,Türkiye,1993,572122
Tonne,Türkiye,1994,539521
Tonne,Türkiye,1995,508732
Tonne,Türkiye,1996,525057
Tonne,Türkiye,1997,507833
Tonne,Türkiye,1998,547430
Tonne,Türkiye,1999,565372
Tonne,Türkiye,2000,548844
Tonne,Türkiye,2001,500122
Tonne,Türkiye,2002,490505
Tonne,Türkiye,2003,514960
Tonne,Türkiye,2004,537207
Tonne,Türkiye,2005,553434
Tonne,Türkiye,2006,578552
Tonne,Türkiye,2007,544188
Tonne,Türkiye,2008,510868
Tonne,Türkiye,2009,512071
Tonne,Türkiye,2010,530214
Tonne,Türkiye,2011,554600
Tonne,Türkiye,2012,620068
Tonne,Türkiye,2013,658614
Tonne,Türkiye,2014,675952
Tonne,Türkiye,2015,648101
Tonne,Türkiye,2016,688406
Tonne,Türkiye,2017,735350
Tonne,Türkiye,2018,757800
Tonne,Türkiye,2019,781935
Tonne,Türkiye,2020,831451
Tonne,Türkiye,2021,881344
