Country,Time,Value
Austria,2000,5.68
Austria,2001,5.86
Austria,2002,6.13
Austria,2003,6.33
Austria,2004,6.33
Austria,2005,6.27
Austria,2006,6
Austria,2007,5.83
Austria,2008,5.66
Austria,2009,5.73
Austria,2010,5.68
Austria,2011,5.87
Austria,2012,5.75
Austria,2013,5.58
Austria,2014,5.59
Austria,2015,5.51
Austria,2016,5.61
Austria,2017,5.71
Austria,2018,5.39
Austria,2019,5.35
Austria,2020,4.97
Austria,2021,4.99
Austria,2022,4.36
Belgium,2000,5.43
Belgium,2001,5.42
Belgium,2002,5.28
Belgium,2003,5.52
Belgium,2004,5.77
Belgium,2005,5.79
Belgium,2006,5.4
Belgium,2007,5.39
Belgium,2008,5.22
Belgium,2009,5.46
Belgium,2010,5.61
Belgium,2011,5.8
Belgium,2012,5.56
Belgium,2013,5.48
Belgium,2014,5.57
Belgium,2015,5.66
Belgium,2016,6.03
Belgium,2017,6.02
Belgium,2018,6.02
Belgium,2019,6.07
Belgium,2020,5.79
Belgium,2021,5.72
Belgium,2022,5.12
Bulgaria,2000,8.17
Bulgaria,2001,7.6
Bulgaria,2002,7.74
Bulgaria,2003,9.14
Bulgaria,2004,9.56
Bulgaria,2005,9.62
Bulgaria,2006,9.12
Bulgaria,2007,10.45
Bulgaria,2008,10.72
Bulgaria,2009,10.62
Bulgaria,2010,10.81
Bulgaria,2011,10.48
Bulgaria,2012,10.15
Bulgaria,2013,10.15
Bulgaria,2014,9.99
Bulgaria,2015,10.23
Bulgaria,2016,10.2
Bulgaria,2017,9.38
Bulgaria,2018,8.81
Bulgaria,2019,9.85
Bulgaria,2020,9.89
Bulgaria,2021,9.05
Bulgaria,2022,15.32
Switzerland,2008,5.06
Switzerland,2009,5.21
Switzerland,2010,5.4
Switzerland,2011,5.14
Switzerland,2012,5.14
Switzerland,2013,5.04
Switzerland,2014,5.07
Switzerland,2015,5.03
Switzerland,2016,5.13
Switzerland,2017,4.99
Switzerland,2018,5.16
Switzerland,2019,5.08
Switzerland,2020,4.98
Switzerland,2021,4.77
Switzerland,2022,4.73
Cyprus,2000,9.05
Cyprus,2001,9.79
Cyprus,2002,9.69
Cyprus,2003,12.01
Cyprus,2004,12.32
Cyprus,2005,10.58
Cyprus,2006,9.63
Cyprus,2007,8.7
Cyprus,2008,8.69
Cyprus,2009,8.76
Cyprus,2010,8.67
Cyprus,2011,8.68
Cyprus,2012,8.15
Cyprus,2013,8.56
Cyprus,2014,9.09
Cyprus,2015,9.17
Cyprus,2016,9.05
Cyprus,2017,9.03
Cyprus,2018,8.55
Cyprus,2019,7.37
Cyprus,2020,6.98
Cyprus,2021,6.49
Cyprus,2022,6
Czechia,2000,6.94
Czechia,2001,7.19
Czechia,2002,6.81
Czechia,2003,6.87
Czechia,2004,7.02
Czechia,2005,7.15
Czechia,2006,6.95
Czechia,2007,6.65
Czechia,2008,6.72
Czechia,2009,7.05
Czechia,2010,6.89
Czechia,2011,6.85
Czechia,2012,6.43
Czechia,2013,5.99
Czechia,2014,6.21
Czechia,2015,5.98
Czechia,2016,5.99
Czechia,2017,5.67
Czechia,2018,5.44
Czechia,2019,5.67
Czechia,2020,5.35
Czechia,2021,5.11
Czechia,2022,4.18
Germany,2000,5.83
Germany,2001,6.46
Germany,2002,6.55
Germany,2003,6.84
Germany,2004,6.68
Germany,2005,6.49
Germany,2006,6.25
Germany,2007,5.77
Germany,2008,5.69
Germany,2009,5.85
Germany,2010,5.77
Germany,2011,5.78
Germany,2012,5.53
Germany,2013,5.36
Germany,2014,5.2
Germany,2015,4.95
Germany,2016,4.76
Germany,2017,4.61
Germany,2018,4.45
Germany,2019,4.39
Germany,2020,4.26
Germany,2021,4.41
Germany,2022,4.01
Denmark,2000,10.32
Denmark,2001,10.49
Denmark,2002,11.01
Denmark,2003,10.54
Denmark,2004,10.75
Denmark,2005,10.25
Denmark,2006,10.07
Denmark,2007,10.21
Denmark,2008,9.32
Denmark,2009,8.88
Denmark,2010,8.92
Denmark,2011,8.92
Denmark,2012,8.67
Denmark,2013,8.95
Denmark,2014,8.17
Denmark,2015,8.57
Denmark,2016,8.55
Denmark,2017,8.02
Denmark,2018,8.15
Denmark,2019,7.02
Denmark,2020,6.7
Denmark,2021,5.95
Denmark,2022,5.82
Estonia,2000,5.44
Estonia,2001,6.96
Estonia,2002,6.38
Estonia,2003,6.11
Estonia,2004,6.73
Estonia,2005,7.58
Estonia,2006,7.17
Estonia,2007,7
Estonia,2008,7.37
Estonia,2009,8.42
Estonia,2010,8.82
Estonia,2011,8.65
Estonia,2012,8.61
Estonia,2013,8.09
Estonia,2014,8.27
Estonia,2015,8.19
Estonia,2016,8.85
Estonia,2017,8.71
Estonia,2018,8.31
Estonia,2019,9.57
Estonia,2020,7.2
Estonia,2021,6.87
Estonia,2022,7
Greece,2000,6.68
Greece,2001,6.91
Greece,2002,6.85
Greece,2003,6.84
Greece,2004,6.97
Greece,2005,6.63
Greece,2006,6.55
Greece,2007,6.54
Greece,2008,6.46
Greece,2009,6.77
Greece,2010,8.26
Greece,2011,8.64
Greece,2012,10.03
Greece,2013,11.1
Greece,2014,11.18
Greece,2015,11.36
Greece,2016,10.64
Greece,2017,11.04
Greece,2018,10.22
Greece,2019,10.63
Greece,2020,10.46
Greece,2021,10.6
Greece,2022,13.6
Spain,2000,6.44
Spain,2001,6.16
Spain,2002,6.06
Spain,2003,6.03
Spain,2004,5.74
Spain,2005,5.39
Spain,2006,5.08
Spain,2007,4.86
Spain,2008,5.09
Spain,2009,5.45
Spain,2010,5.25
Spain,2011,5.08
Spain,2012,4.88
Spain,2013,5.8
Spain,2014,5.52
Spain,2015,5.7
Spain,2016,5.54
Spain,2017,5.42
Spain,2018,5.28
Spain,2019,5.09
Spain,2020,4.74
Spain,2021,4.58
Spain,2022,4.05
Finland,2000,6.67
Finland,2001,6.67
Finland,2002,6.86
Finland,2003,7.28
Finland,2004,7.47
Finland,2005,7.06
Finland,2006,6.91
Finland,2007,6.41
Finland,2008,6.3
Finland,2009,6.19
Finland,2010,6.57
Finland,2011,7.18
Finland,2012,6.98
Finland,2013,6.71
Finland,2014,6.62
Finland,2015,6.65
Finland,2016,7.05
Finland,2017,6.9
Finland,2018,6.92
Finland,2019,6.63
Finland,2020,6.51
Finland,2021,5.81
Finland,2022,5.65
France,2000,5.01
France,2001,4.55
France,2002,4.85
France,2003,4.69
France,2004,4.9
France,2005,4.68
France,2006,4.52
France,2007,4.39
France,2008,4.32
France,2009,4.43
France,2010,4.47
France,2011,4.43
France,2012,4.4
France,2013,4.45
France,2014,4.45
France,2015,4.73
France,2016,4.91
France,2017,4.98
France,2018,5.13
France,2019,5.1
France,2020,4.78
France,2021,4.82
France,2022,4.5
Croatia,2000,8.55
Croatia,2001,9.18
Croatia,2002,10.61
Croatia,2003,10.93
Croatia,2004,10.77
Croatia,2005,10.38
Croatia,2006,10.63
Croatia,2007,10.64
Croatia,2008,9.98
Croatia,2009,10.02
Croatia,2010,10.46
Croatia,2011,9.5
Croatia,2012,8.92
Croatia,2013,9.58
Croatia,2014,10.61
Croatia,2015,11.18
Croatia,2016,11.32
Croatia,2017,11.42
Croatia,2018,11.35
Croatia,2019,11.04
Croatia,2020,10.8
Croatia,2021,10.52
Croatia,2022,9.04
Hungary,2000,7.5
Hungary,2001,7.12
Hungary,2002,7.09
Hungary,2003,6.94
Hungary,2004,7.58
Hungary,2005,7.45
Hungary,2006,7.79
Hungary,2007,7.03
Hungary,2008,6.82
Hungary,2009,6.74
Hungary,2010,7.17
Hungary,2011,7
Hungary,2012,6.49
Hungary,2013,6.32
Hungary,2014,6.26
Hungary,2015,6.37
Hungary,2016,6.47
Hungary,2017,6.43
Hungary,2018,6.29
Hungary,2019,6.33
Hungary,2020,6.11
Hungary,2021,6.05
Hungary,2022,5.35
Ireland,2000,8.92
Ireland,2001,7.95
Ireland,2002,8.15
Ireland,2003,7.95
Ireland,2004,8.3
Ireland,2005,8.25
Ireland,2006,7.69
Ireland,2007,7.93
Ireland,2008,7.92
Ireland,2009,8.06
Ireland,2010,8.81
Ireland,2011,8.78
Ireland,2012,8.42
Ireland,2013,8.61
Ireland,2014,8.33
Ireland,2015,8.15
Ireland,2016,8.02
Ireland,2017,7.78
Ireland,2018,7.01
Ireland,2019,6.42
Ireland,2020,6.05
Ireland,2021,5.5
Ireland,2022,4.16
Iceland,2000,9.25
Iceland,2001,7.96
Iceland,2002,7.58
Iceland,2003,8.02
Iceland,2004,8.1
Iceland,2005,8.08
Iceland,2006,7.28
Iceland,2007,7.21
Iceland,2008,6.2
Iceland,2009,6.21
Iceland,2010,6.87
Iceland,2011,6.68
Iceland,2012,6.77
Iceland,2013,6.27
Iceland,2014,5.77
Iceland,2015,6.07
Iceland,2016,4.09
Iceland,2017,5.93
Iceland,2018,5.8
Iceland,2019,5.72
Iceland,2020,5.56
Iceland,2021,4.85
Iceland,2022,5.13
Italy,2000,7.64
Italy,2001,7.57
Italy,2002,7.4
Italy,2003,7.51
Italy,2004,7.25
Italy,2005,7.43
Italy,2006,7.14
Italy,2007,6.57
Italy,2008,6.22
Italy,2009,6.7
Italy,2010,6.73
Italy,2011,7.36
Italy,2012,8.03
Italy,2013,7.93
Italy,2014,8.32
Italy,2015,7.92
Italy,2016,8.33
Italy,2017,7.99
Italy,2018,7.94
Italy,2019,7.7
Italy,2020,7.19
Italy,2021,7.1
Italy,2022,5.17
Lithuania,2000,7.95
Lithuania,2001,8.72
Lithuania,2002,9.68
Lithuania,2003,9.68
Lithuania,2004,9.3
Lithuania,2005,7.85
Lithuania,2006,5.97
Lithuania,2007,5.82
Lithuania,2008,5.34
Lithuania,2009,6.68
Lithuania,2010,6.46
Lithuania,2011,6.2
Lithuania,2012,6.09
Lithuania,2013,6.23
Lithuania,2014,6.31
Lithuania,2015,6.4
Lithuania,2016,6.48
Lithuania,2017,6.49
Lithuania,2018,6.58
Lithuania,2019,6.23
Lithuania,2020,6.22
Lithuania,2021,5.77
Lithuania,2022,4.81
Luxembourg,2000,7.09
Luxembourg,2001,7.09
Luxembourg,2002,7.05
Luxembourg,2003,7.28
Luxembourg,2004,8.17
Luxembourg,2005,7.84
Luxembourg,2006,7.36
Luxembourg,2007,7.05
Luxembourg,2008,7.01
Luxembourg,2009,6.55
Luxembourg,2010,6.32
Luxembourg,2011,6.34
Luxembourg,2012,6.12
Luxembourg,2013,5.66
Luxembourg,2014,5.23
Luxembourg,2015,5.05
Luxembourg,2016,4.67
Luxembourg,2017,4.45
Luxembourg,2018,4.33
Luxembourg,2019,4.4
Luxembourg,2020,3.6
Luxembourg,2021,3.81
Luxembourg,2022,3.19
Latvia,2000,7.67
Latvia,2001,7.16
Latvia,2002,7.69
Latvia,2003,8.28
Latvia,2004,8.9
Latvia,2005,9.03
Latvia,2006,7.76
Latvia,2007,7.22
Latvia,2008,7.43
Latvia,2009,9.62
Latvia,2010,10.47
Latvia,2011,10.56
Latvia,2012,10.28
Latvia,2013,10.81
Latvia,2014,11.28
Latvia,2015,11.75
Latvia,2016,11.66
Latvia,2017,11.23
Latvia,2018,10.87
Latvia,2019,9.58
Latvia,2020,9.8
Latvia,2021,8.98
Latvia,2022,7.35
Malta,2000,13
Malta,2001,12.17
Malta,2002,10.85
Malta,2003,10.7
Malta,2004,9.42
Malta,2005,9.72
Malta,2006,9.97
Malta,2007,10.75
Malta,2008,10.16
Malta,2009,9.74
Malta,2010,9.04
Malta,2011,9.61
Malta,2012,8.84
Malta,2013,8.21
Malta,2014,8.72
Malta,2015,9.01
Malta,2016,8.64
Malta,2017,8.41
Malta,2018,8.07
Malta,2019,8.24
Malta,2020,7.61
Malta,2021,6.16
Malta,2022,5.75
Netherlands,2000,9.42
Netherlands,2001,9.47
Netherlands,2002,9.25
Netherlands,2003,9.51
Netherlands,2004,9.84
Netherlands,2005,10.06
Netherlands,2006,9.96
Netherlands,2007,9.48
Netherlands,2008,9.56
Netherlands,2009,9.87
Netherlands,2010,9.83
Netherlands,2011,9.62
Netherlands,2012,9.12
Netherlands,2013,9.05
Netherlands,2014,8.93
Netherlands,2015,8.99
Netherlands,2016,8.73
Netherlands,2017,8.63
Netherlands,2018,8.62
Netherlands,2019,8.64
Netherlands,2020,7.99
Netherlands,2021,7.76
Netherlands,2022,6.17
Norway,2000,7.4
Norway,2001,7.37
Norway,2002,7.56
Norway,2003,7.56
Norway,2004,7.3
Norway,2005,6.84
Norway,2006,6.71
Norway,2007,6.76
Norway,2008,6.28
Norway,2009,6.38
Norway,2010,6.32
Norway,2011,5.91
Norway,2012,5.62
Norway,2013,5.84
Norway,2014,5.97
Norway,2015,6.09
Norway,2016,6.18
Norway,2017,5.9
Norway,2018,5.54
Norway,2019,5.24
Norway,2020,5.16
Norway,2021,4.2
Norway,2022,2.97
Poland,2000,6.51
Poland,2001,6.58
Poland,2002,7.45
Poland,2003,7.71
Poland,2004,8.56
Poland,2005,8.14
Poland,2006,7.92
Poland,2007,7.93
Poland,2008,8.14
Poland,2009,8.5
Poland,2010,8.66
Poland,2011,8.27
Poland,2012,8.06
Poland,2013,7.55
Poland,2014,8.05
Poland,2015,8.17
Poland,2016,8.11
Poland,2017,7.85
Poland,2018,7.7
Poland,2019,7.23
Poland,2020,7.12
Poland,2021,7.84
Poland,2022,8.12
Portugal,2000,8.41
Portugal,2001,9.21
Portugal,2002,9.6
Portugal,2003,9.8
Portugal,2004,9.75
Portugal,2005,9.34
Portugal,2006,8.89
Portugal,2007,8.62
Portugal,2008,7.89
Portugal,2009,8.18
Portugal,2010,8
Portugal,2011,7.2
Portugal,2012,6.91
Portugal,2013,6.49
Portugal,2014,6.65
Portugal,2015,7.03
Portugal,2016,7.59
Portugal,2017,7.56
Portugal,2018,7.41
Portugal,2019,7.33
Portugal,2020,6.71
Portugal,2021,6.61
Portugal,2022,5.32
Romania,2000,11.23
Romania,2001,8.22
Romania,2002,7.54
Romania,2003,8.4
Romania,2004,8.59
Romania,2005,7.15
Romania,2006,6.76
Romania,2007,7.07
Romania,2008,6.33
Romania,2009,7.11
Romania,2010,8
Romania,2011,6.89
Romania,2012,7.21
Romania,2013,7.52
Romania,2014,8.66
Romania,2015,8.79
Romania,2016,9.27
Romania,2017,7.78
Romania,2018,7.59
Romania,2019,8.14
Romania,2020,7.3
Romania,2021,8.32
Romania,2022,10.05
Sweden,2000,5.35
Sweden,2001,5.62
Sweden,2002,5.98
Sweden,2003,6.06
Sweden,2004,5.95
Sweden,2005,5.93
Sweden,2006,5.78
Sweden,2007,5.69
Sweden,2008,6
Sweden,2009,6.3
Sweden,2010,6.21
Sweden,2011,5.81
Sweden,2012,5.69
Sweden,2013,5.46
Sweden,2014,5.16
Sweden,2015,5.05
Sweden,2016,5.03
Sweden,2017,4.8
Sweden,2018,4.76
Sweden,2019,4.79
Sweden,2020,4.72
Sweden,2021,4.44
Sweden,2022,4.58
Slovenia,2000,7.67
Slovenia,2001,8.4
Slovenia,2002,8.37
Slovenia,2003,8.43
Slovenia,2004,8.45
Slovenia,2005,8.07
Slovenia,2006,7.67
Slovenia,2007,7.78
Slovenia,2008,7.87
Slovenia,2009,9.32
Slovenia,2010,9.49
Slovenia,2011,9.17
Slovenia,2012,10.11
Slovenia,2013,10.45
Slovenia,2014,10.31
Slovenia,2015,10.34
Slovenia,2016,10.31
Slovenia,2017,9.84
Slovenia,2018,9.08
Slovenia,2019,9.8
Slovenia,2020,8.66
Slovenia,2021,8.13
Slovenia,2022,7.64
Slovakia,2000,6.74
Slovakia,2001,6.12
Slovakia,2002,6.79
Slovakia,2003,7.51
Slovakia,2004,7.92
Slovakia,2005,7.65
Slovakia,2006,7.84
Slovakia,2007,7.31
Slovakia,2008,7.12
Slovakia,2009,6.85
Slovakia,2010,7.43
Slovakia,2011,8.35
Slovakia,2012,8.28
Slovakia,2013,8.16
Slovakia,2014,7.98
Slovakia,2015,7.7
Slovakia,2016,7.55
Slovakia,2017,7.51
Slovakia,2018,7.31
Slovakia,2019,7.28
Slovakia,2020,7.1
Slovakia,2021,6.74
Slovakia,2022,7.1
